[{"model": "auth.permission", "pk": 1, "fields": {"name": "Can access Wagtail admin", "content_type": 3, "codename": "access_admin"}}, {"model": "auth.permission", "pk": 2, "fields": {"name": "Can add document", "content_type": 4, "codename": "add_document"}}, {"model": "auth.permission", "pk": 3, "fields": {"name": "Can change document", "content_type": 4, "codename": "change_document"}}, {"model": "auth.permission", "pk": 4, "fields": {"name": "Can delete document", "content_type": 4, "codename": "delete_document"}}, {"model": "auth.permission", "pk": 5, "fields": {"name": "Can add image", "content_type": 5, "codename": "add_image"}}, {"model": "auth.permission", "pk": 6, "fields": {"name": "Can change image", "content_type": 5, "codename": "change_image"}}, {"model": "auth.permission", "pk": 7, "fields": {"name": "Can delete image", "content_type": 5, "codename": "delete_image"}}, {"model": "auth.permission", "pk": 8, "fields": {"name": "Can add log entry", "content_type": 6, "codename": "add_logentry"}}, {"model": "auth.permission", "pk": 9, "fields": {"name": "Can change log entry", "content_type": 6, "codename": "change_logentry"}}, {"model": "auth.permission", "pk": 10, "fields": {"name": "Can delete log entry", "content_type": 6, "codename": "delete_logentry"}}, {"model": "auth.permission", "pk": 11, "fields": {"name": "Can view log entry", "content_type": 6, "codename": "view_logentry"}}, {"model": "auth.permission", "pk": 12, "fields": {"name": "Can add permission", "content_type": 7, "codename": "add_permission"}}, {"model": "auth.permission", "pk": 13, "fields": {"name": "Can change permission", "content_type": 7, "codename": "change_permission"}}, {"model": "auth.permission", "pk": 14, "fields": {"name": "Can delete permission", "content_type": 7, "codename": "delete_permission"}}, {"model": "auth.permission", "pk": 15, "fields": {"name": "Can view permission", "content_type": 7, "codename": "view_permission"}}, {"model": "auth.permission", "pk": 16, "fields": {"name": "Can add group", "content_type": 8, "codename": "add_group"}}, {"model": "auth.permission", "pk": 17, "fields": {"name": "Can change group", "content_type": 8, "codename": "change_group"}}, {"model": "auth.permission", "pk": 18, "fields": {"name": "Can delete group", "content_type": 8, "codename": "delete_group"}}, {"model": "auth.permission", "pk": 19, "fields": {"name": "Can view group", "content_type": 8, "codename": "view_group"}}, {"model": "auth.permission", "pk": 20, "fields": {"name": "Can add content type", "content_type": 9, "codename": "add_contenttype"}}, {"model": "auth.permission", "pk": 21, "fields": {"name": "Can change content type", "content_type": 9, "codename": "change_contenttype"}}, {"model": "auth.permission", "pk": 22, "fields": {"name": "Can delete content type", "content_type": 9, "codename": "delete_contenttype"}}, {"model": "auth.permission", "pk": 23, "fields": {"name": "Can view content type", "content_type": 9, "codename": "view_contenttype"}}, {"model": "auth.permission", "pk": 24, "fields": {"name": "Can add session", "content_type": 10, "codename": "add_session"}}, {"model": "auth.permission", "pk": 25, "fields": {"name": "Can change session", "content_type": 10, "codename": "change_session"}}, {"model": "auth.permission", "pk": 26, "fields": {"name": "Can delete session", "content_type": 10, "codename": "delete_session"}}, {"model": "auth.permission", "pk": 27, "fields": {"name": "Can view session", "content_type": 10, "codename": "view_session"}}, {"model": "auth.permission", "pk": 28, "fields": {"name": "Can add form submission", "content_type": 11, "codename": "add_formsubmission"}}, {"model": "auth.permission", "pk": 29, "fields": {"name": "Can change form submission", "content_type": 11, "codename": "change_formsubmission"}}, {"model": "auth.permission", "pk": 30, "fields": {"name": "Can delete form submission", "content_type": 11, "codename": "delete_formsubmission"}}, {"model": "auth.permission", "pk": 31, "fields": {"name": "Can view form submission", "content_type": 11, "codename": "view_formsubmission"}}, {"model": "auth.permission", "pk": 32, "fields": {"name": "Can add redirect", "content_type": 12, "codename": "add_redirect"}}, {"model": "auth.permission", "pk": 33, "fields": {"name": "Can change redirect", "content_type": 12, "codename": "change_redirect"}}, {"model": "auth.permission", "pk": 34, "fields": {"name": "Can delete redirect", "content_type": 12, "codename": "delete_redirect"}}, {"model": "auth.permission", "pk": 35, "fields": {"name": "Can view redirect", "content_type": 12, "codename": "view_redirect"}}, {"model": "auth.permission", "pk": 36, "fields": {"name": "Can add embed", "content_type": 13, "codename": "add_embed"}}, {"model": "auth.permission", "pk": 37, "fields": {"name": "Can change embed", "content_type": 13, "codename": "change_embed"}}, {"model": "auth.permission", "pk": 38, "fields": {"name": "Can delete embed", "content_type": 13, "codename": "delete_embed"}}, {"model": "auth.permission", "pk": 39, "fields": {"name": "Can view embed", "content_type": 13, "codename": "view_embed"}}, {"model": "auth.permission", "pk": 40, "fields": {"name": "Can add user profile", "content_type": 14, "codename": "add_userprofile"}}, {"model": "auth.permission", "pk": 41, "fields": {"name": "Can change user profile", "content_type": 14, "codename": "change_userprofile"}}, {"model": "auth.permission", "pk": 42, "fields": {"name": "Can delete user profile", "content_type": 14, "codename": "delete_userprofile"}}, {"model": "auth.permission", "pk": 43, "fields": {"name": "Can view user profile", "content_type": 14, "codename": "view_userprofile"}}, {"model": "auth.permission", "pk": 44, "fields": {"name": "Can view document", "content_type": 4, "codename": "view_document"}}, {"model": "auth.permission", "pk": 45, "fields": {"name": "Can view image", "content_type": 5, "codename": "view_image"}}, {"model": "auth.permission", "pk": 46, "fields": {"name": "Can add rendition", "content_type": 15, "codename": "add_rendition"}}, {"model": "auth.permission", "pk": 47, "fields": {"name": "Can change rendition", "content_type": 15, "codename": "change_rendition"}}, {"model": "auth.permission", "pk": 48, "fields": {"name": "Can delete rendition", "content_type": 15, "codename": "delete_rendition"}}, {"model": "auth.permission", "pk": 49, "fields": {"name": "Can view rendition", "content_type": 15, "codename": "view_rendition"}}, {"model": "auth.permission", "pk": 50, "fields": {"name": "Can add uploaded image", "content_type": 16, "codename": "add_uploadedimage"}}, {"model": "auth.permission", "pk": 51, "fields": {"name": "Can change uploaded image", "content_type": 16, "codename": "change_uploadedimage"}}, {"model": "auth.permission", "pk": 52, "fields": {"name": "Can delete uploaded image", "content_type": 16, "codename": "delete_uploadedimage"}}, {"model": "auth.permission", "pk": 53, "fields": {"name": "Can view uploaded image", "content_type": 16, "codename": "view_uploadedimage"}}, {"model": "auth.permission", "pk": 54, "fields": {"name": "Can add query", "content_type": 17, "codename": "add_query"}}, {"model": "auth.permission", "pk": 55, "fields": {"name": "Can change query", "content_type": 17, "codename": "change_query"}}, {"model": "auth.permission", "pk": 56, "fields": {"name": "Can delete query", "content_type": 17, "codename": "delete_query"}}, {"model": "auth.permission", "pk": 57, "fields": {"name": "Can view query", "content_type": 17, "codename": "view_query"}}, {"model": "auth.permission", "pk": 58, "fields": {"name": "Can add Query Daily Hits", "content_type": 18, "codename": "add_querydailyhits"}}, {"model": "auth.permission", "pk": 59, "fields": {"name": "Can change Query Daily Hits", "content_type": 18, "codename": "change_querydailyhits"}}, {"model": "auth.permission", "pk": 60, "fields": {"name": "Can delete Query Daily Hits", "content_type": 18, "codename": "delete_querydailyhits"}}, {"model": "auth.permission", "pk": 61, "fields": {"name": "Can view Query Daily Hits", "content_type": 18, "codename": "view_querydailyhits"}}, {"model": "auth.permission", "pk": 62, "fields": {"name": "Can add page", "content_type": 1, "codename": "add_page"}}, {"model": "auth.permission", "pk": 63, "fields": {"name": "Can change page", "content_type": 1, "codename": "change_page"}}, {"model": "auth.permission", "pk": 64, "fields": {"name": "Can delete page", "content_type": 1, "codename": "delete_page"}}, {"model": "auth.permission", "pk": 65, "fields": {"name": "Can view page", "content_type": 1, "codename": "view_page"}}, {"model": "auth.permission", "pk": 66, "fields": {"name": "Can add group page permission", "content_type": 19, "codename": "add_grouppagepermission"}}, {"model": "auth.permission", "pk": 67, "fields": {"name": "Can change group page permission", "content_type": 19, "codename": "change_grouppagepermission"}}, {"model": "auth.permission", "pk": 68, "fields": {"name": "Can delete group page permission", "content_type": 19, "codename": "delete_grouppagepermission"}}, {"model": "auth.permission", "pk": 69, "fields": {"name": "Can view group page permission", "content_type": 19, "codename": "view_grouppagepermission"}}, {"model": "auth.permission", "pk": 70, "fields": {"name": "Can add page revision", "content_type": 20, "codename": "add_pagerevision"}}, {"model": "auth.permission", "pk": 71, "fields": {"name": "Can change page revision", "content_type": 20, "codename": "change_pagerevision"}}, {"model": "auth.permission", "pk": 72, "fields": {"name": "Can delete page revision", "content_type": 20, "codename": "delete_pagerevision"}}, {"model": "auth.permission", "pk": 73, "fields": {"name": "Can view page revision", "content_type": 20, "codename": "view_pagerevision"}}, {"model": "auth.permission", "pk": 74, "fields": {"name": "Can add page view restriction", "content_type": 21, "codename": "add_pageviewrestriction"}}, {"model": "auth.permission", "pk": 75, "fields": {"name": "Can change page view restriction", "content_type": 21, "codename": "change_pageviewrestriction"}}, {"model": "auth.permission", "pk": 76, "fields": {"name": "Can delete page view restriction", "content_type": 21, "codename": "delete_pageviewrestriction"}}, {"model": "auth.permission", "pk": 77, "fields": {"name": "Can view page view restriction", "content_type": 21, "codename": "view_pageviewrestriction"}}, {"model": "auth.permission", "pk": 78, "fields": {"name": "Can add site", "content_type": 22, "codename": "add_site"}}, {"model": "auth.permission", "pk": 79, "fields": {"name": "Can change site", "content_type": 22, "codename": "change_site"}}, {"model": "auth.permission", "pk": 80, "fields": {"name": "Can delete site", "content_type": 22, "codename": "delete_site"}}, {"model": "auth.permission", "pk": 81, "fields": {"name": "Can view site", "content_type": 22, "codename": "view_site"}}, {"model": "auth.permission", "pk": 82, "fields": {"name": "Can add collection", "content_type": 23, "codename": "add_collection"}}, {"model": "auth.permission", "pk": 83, "fields": {"name": "Can change collection", "content_type": 23, "codename": "change_collection"}}, {"model": "auth.permission", "pk": 84, "fields": {"name": "Can delete collection", "content_type": 23, "codename": "delete_collection"}}, {"model": "auth.permission", "pk": 85, "fields": {"name": "Can view collection", "content_type": 23, "codename": "view_collection"}}, {"model": "auth.permission", "pk": 86, "fields": {"name": "Can add group collection permission", "content_type": 24, "codename": "add_groupcollectionpermission"}}, {"model": "auth.permission", "pk": 87, "fields": {"name": "Can change group collection permission", "content_type": 24, "codename": "change_groupcollectionpermission"}}, {"model": "auth.permission", "pk": 88, "fields": {"name": "Can delete group collection permission", "content_type": 24, "codename": "delete_groupcollectionpermission"}}, {"model": "auth.permission", "pk": 89, "fields": {"name": "Can view group collection permission", "content_type": 24, "codename": "view_groupcollectionpermission"}}, {"model": "auth.permission", "pk": 90, "fields": {"name": "Can add collection view restriction", "content_type": 25, "codename": "add_collectionviewrestriction"}}, {"model": "auth.permission", "pk": 91, "fields": {"name": "Can change collection view restriction", "content_type": 25, "codename": "change_collectionviewrestriction"}}, {"model": "auth.permission", "pk": 92, "fields": {"name": "Can delete collection view restriction", "content_type": 25, "codename": "delete_collectionviewrestriction"}}, {"model": "auth.permission", "pk": 93, "fields": {"name": "Can view collection view restriction", "content_type": 25, "codename": "view_collectionviewrestriction"}}, {"model": "auth.permission", "pk": 94, "fields": {"name": "Can add task", "content_type": 26, "codename": "add_task"}}, {"model": "auth.permission", "pk": 95, "fields": {"name": "Can change task", "content_type": 26, "codename": "change_task"}}, {"model": "auth.permission", "pk": 96, "fields": {"name": "Can delete task", "content_type": 26, "codename": "delete_task"}}, {"model": "auth.permission", "pk": 97, "fields": {"name": "Can view task", "content_type": 26, "codename": "view_task"}}, {"model": "auth.permission", "pk": 98, "fields": {"name": "Can add Task state", "content_type": 27, "codename": "add_taskstate"}}, {"model": "auth.permission", "pk": 99, "fields": {"name": "Can change Task state", "content_type": 27, "codename": "change_taskstate"}}, {"model": "auth.permission", "pk": 100, "fields": {"name": "Can delete Task state", "content_type": 27, "codename": "delete_taskstate"}}, {"model": "auth.permission", "pk": 101, "fields": {"name": "Can view Task state", "content_type": 27, "codename": "view_taskstate"}}, {"model": "auth.permission", "pk": 102, "fields": {"name": "Can add workflow", "content_type": 28, "codename": "add_workflow"}}, {"model": "auth.permission", "pk": 103, "fields": {"name": "Can change workflow", "content_type": 28, "codename": "change_workflow"}}, {"model": "auth.permission", "pk": 104, "fields": {"name": "Can delete workflow", "content_type": 28, "codename": "delete_workflow"}}, {"model": "auth.permission", "pk": 105, "fields": {"name": "Can view workflow", "content_type": 28, "codename": "view_workflow"}}, {"model": "auth.permission", "pk": 106, "fields": {"name": "Can add Group approval task", "content_type": 2, "codename": "add_groupapprovaltask"}}, {"model": "auth.permission", "pk": 107, "fields": {"name": "Can change Group approval task", "content_type": 2, "codename": "change_groupapprovaltask"}}, {"model": "auth.permission", "pk": 108, "fields": {"name": "Can delete Group approval task", "content_type": 2, "codename": "delete_groupapprovaltask"}}, {"model": "auth.permission", "pk": 109, "fields": {"name": "Can view Group approval task", "content_type": 2, "codename": "view_groupapprovaltask"}}, {"model": "auth.permission", "pk": 110, "fields": {"name": "Can add Workflow state", "content_type": 29, "codename": "add_workflowstate"}}, {"model": "auth.permission", "pk": 111, "fields": {"name": "Can change Workflow state", "content_type": 29, "codename": "change_workflowstate"}}, {"model": "auth.permission", "pk": 112, "fields": {"name": "Can delete Workflow state", "content_type": 29, "codename": "delete_workflowstate"}}, {"model": "auth.permission", "pk": 113, "fields": {"name": "Can view Workflow state", "content_type": 29, "codename": "view_workflowstate"}}, {"model": "auth.permission", "pk": 114, "fields": {"name": "Can add workflow page", "content_type": 30, "codename": "add_workflowpage"}}, {"model": "auth.permission", "pk": 115, "fields": {"name": "Can change workflow page", "content_type": 30, "codename": "change_workflowpage"}}, {"model": "auth.permission", "pk": 116, "fields": {"name": "Can delete workflow page", "content_type": 30, "codename": "delete_workflowpage"}}, {"model": "auth.permission", "pk": 117, "fields": {"name": "Can view workflow page", "content_type": 30, "codename": "view_workflowpage"}}, {"model": "auth.permission", "pk": 118, "fields": {"name": "Can add workflow task order", "content_type": 31, "codename": "add_workflowtask"}}, {"model": "auth.permission", "pk": 119, "fields": {"name": "Can change workflow task order", "content_type": 31, "codename": "change_workflowtask"}}, {"model": "auth.permission", "pk": 120, "fields": {"name": "Can delete workflow task order", "content_type": 31, "codename": "delete_workflowtask"}}, {"model": "auth.permission", "pk": 121, "fields": {"name": "Can view workflow task order", "content_type": 31, "codename": "view_workflowtask"}}, {"model": "auth.permission", "pk": 122, "fields": {"name": "Can add page log entry", "content_type": 32, "codename": "add_pagelogentry"}}, {"model": "auth.permission", "pk": 123, "fields": {"name": "Can change page log entry", "content_type": 32, "codename": "change_pagelogentry"}}, {"model": "auth.permission", "pk": 124, "fields": {"name": "Can delete page log entry", "content_type": 32, "codename": "delete_pagelogentry"}}, {"model": "auth.permission", "pk": 125, "fields": {"name": "Can view page log entry", "content_type": 32, "codename": "view_pagelogentry"}}, {"model": "auth.permission", "pk": 126, "fields": {"name": "Can add locale", "content_type": 33, "codename": "add_locale"}}, {"model": "auth.permission", "pk": 127, "fields": {"name": "Can change locale", "content_type": 33, "codename": "change_locale"}}, {"model": "auth.permission", "pk": 128, "fields": {"name": "Can delete locale", "content_type": 33, "codename": "delete_locale"}}, {"model": "auth.permission", "pk": 129, "fields": {"name": "Can view locale", "content_type": 33, "codename": "view_locale"}}, {"model": "auth.permission", "pk": 130, "fields": {"name": "Can add tag", "content_type": 34, "codename": "add_tag"}}, {"model": "auth.permission", "pk": 131, "fields": {"name": "Can change tag", "content_type": 34, "codename": "change_tag"}}, {"model": "auth.permission", "pk": 132, "fields": {"name": "Can delete tag", "content_type": 34, "codename": "delete_tag"}}, {"model": "auth.permission", "pk": 133, "fields": {"name": "Can view tag", "content_type": 34, "codename": "view_tag"}}, {"model": "auth.permission", "pk": 134, "fields": {"name": "Can add tagged item", "content_type": 35, "codename": "add_taggeditem"}}, {"model": "auth.permission", "pk": 135, "fields": {"name": "Can change tagged item", "content_type": 35, "codename": "change_taggeditem"}}, {"model": "auth.permission", "pk": 136, "fields": {"name": "Can delete tagged item", "content_type": 35, "codename": "delete_taggeditem"}}, {"model": "auth.permission", "pk": 137, "fields": {"name": "Can view tagged item", "content_type": 35, "codename": "view_taggeditem"}}, {"model": "auth.permission", "pk": 138, "fields": {"name": "Can add user", "content_type": 36, "codename": "add_user"}}, {"model": "auth.permission", "pk": 139, "fields": {"name": "Can change user", "content_type": 36, "codename": "change_user"}}, {"model": "auth.permission", "pk": 140, "fields": {"name": "Can delete user", "content_type": 36, "codename": "delete_user"}}, {"model": "auth.permission", "pk": 141, "fields": {"name": "Can view user", "content_type": 36, "codename": "view_user"}}, {"model": "auth.permission", "pk": 142, "fields": {"name": "Can add blog index page", "content_type": 37, "codename": "add_blogindexpage"}}, {"model": "auth.permission", "pk": 143, "fields": {"name": "Can change blog index page", "content_type": 37, "codename": "change_blogindexpage"}}, {"model": "auth.permission", "pk": 144, "fields": {"name": "Can delete blog index page", "content_type": 37, "codename": "delete_blogindexpage"}}, {"model": "auth.permission", "pk": 145, "fields": {"name": "Can view blog index page", "content_type": 37, "codename": "view_blogindexpage"}}, {"model": "auth.permission", "pk": 146, "fields": {"name": "Can add blog page", "content_type": 38, "codename": "add_blogpage"}}, {"model": "auth.permission", "pk": 147, "fields": {"name": "Can change blog page", "content_type": 38, "codename": "change_blogpage"}}, {"model": "auth.permission", "pk": 148, "fields": {"name": "Can delete blog page", "content_type": 38, "codename": "delete_blogpage"}}, {"model": "auth.permission", "pk": 149, "fields": {"name": "Can view blog page", "content_type": 38, "codename": "view_blogpage"}}, {"model": "auth.permission", "pk": 150, "fields": {"name": "Can choose document", "content_type": 4, "codename": "choose_document"}}, {"model": "auth.permission", "pk": 151, "fields": {"name": "Can choose image", "content_type": 5, "codename": "choose_image"}}, {"model": "auth.permission", "pk": 152, "fields": {"name": "Can add uploaded document", "content_type": 39, "codename": "add_uploadeddocument"}}, {"model": "auth.permission", "pk": 153, "fields": {"name": "Can change uploaded document", "content_type": 39, "codename": "change_uploadeddocument"}}, {"model": "auth.permission", "pk": 154, "fields": {"name": "Can delete uploaded document", "content_type": 39, "codename": "delete_uploadeddocument"}}, {"model": "auth.permission", "pk": 155, "fields": {"name": "Can view uploaded document", "content_type": 39, "codename": "view_uploadeddocument"}}, {"model": "auth.permission", "pk": 156, "fields": {"name": "Can add blog landing page", "content_type": 37, "codename": "add_bloglandingpage"}}, {"model": "auth.permission", "pk": 157, "fields": {"name": "Can change blog landing page", "content_type": 37, "codename": "change_bloglandingpage"}}, {"model": "auth.permission", "pk": 158, "fields": {"name": "Can delete blog landing page", "content_type": 37, "codename": "delete_bloglandingpage"}}, {"model": "auth.permission", "pk": 159, "fields": {"name": "Can view blog landing page", "content_type": 37, "codename": "view_bloglandingpage"}}, {"model": "auth.permission", "pk": 160, "fields": {"name": "Can add index entry", "content_type": 40, "codename": "add_indexentry"}}, {"model": "auth.permission", "pk": 161, "fields": {"name": "Can change index entry", "content_type": 40, "codename": "change_indexentry"}}, {"model": "auth.permission", "pk": 162, "fields": {"name": "Can delete index entry", "content_type": 40, "codename": "delete_indexentry"}}, {"model": "auth.permission", "pk": 163, "fields": {"name": "Can view index entry", "content_type": 40, "codename": "view_indexentry"}}, {"model": "auth.permission", "pk": 164, "fields": {"name": "Can add comment", "content_type": 41, "codename": "add_comment"}}, {"model": "auth.permission", "pk": 165, "fields": {"name": "Can change comment", "content_type": 41, "codename": "change_comment"}}, {"model": "auth.permission", "pk": 166, "fields": {"name": "Can delete comment", "content_type": 41, "codename": "delete_comment"}}, {"model": "auth.permission", "pk": 167, "fields": {"name": "Can view comment", "content_type": 41, "codename": "view_comment"}}, {"model": "auth.permission", "pk": 168, "fields": {"name": "Can add comment reply", "content_type": 42, "codename": "add_commentreply"}}, {"model": "auth.permission", "pk": 169, "fields": {"name": "Can change comment reply", "content_type": 42, "codename": "change_commentreply"}}, {"model": "auth.permission", "pk": 170, "fields": {"name": "Can delete comment reply", "content_type": 42, "codename": "delete_commentreply"}}, {"model": "auth.permission", "pk": 171, "fields": {"name": "Can view comment reply", "content_type": 42, "codename": "view_commentreply"}}, {"model": "auth.permission", "pk": 172, "fields": {"name": "Can add page subscription", "content_type": 43, "codename": "add_pagesubscription"}}, {"model": "auth.permission", "pk": 173, "fields": {"name": "Can change page subscription", "content_type": 43, "codename": "change_pagesubscription"}}, {"model": "auth.permission", "pk": 174, "fields": {"name": "Can delete page subscription", "content_type": 43, "codename": "delete_pagesubscription"}}, {"model": "auth.permission", "pk": 175, "fields": {"name": "Can view page subscription", "content_type": 43, "codename": "view_pagesubscription"}}, {"model": "auth.permission", "pk": 176, "fields": {"name": "Can add model log entry", "content_type": 44, "codename": "add_modellogentry"}}, {"model": "auth.permission", "pk": 177, "fields": {"name": "Can change model log entry", "content_type": 44, "codename": "change_modellogentry"}}, {"model": "auth.permission", "pk": 178, "fields": {"name": "Can delete model log entry", "content_type": 44, "codename": "delete_modellogentry"}}, {"model": "auth.permission", "pk": 179, "fields": {"name": "Can view model log entry", "content_type": 44, "codename": "view_modellogentry"}}, {"model": "auth.permission", "pk": 180, "fields": {"name": "Can add page preview", "content_type": 45, "codename": "add_pagepreview"}}, {"model": "auth.permission", "pk": 181, "fields": {"name": "Can change page preview", "content_type": 45, "codename": "change_pagepreview"}}, {"model": "auth.permission", "pk": 182, "fields": {"name": "Can delete page preview", "content_type": 45, "codename": "delete_pagepreview"}}, {"model": "auth.permission", "pk": 183, "fields": {"name": "Can view page preview", "content_type": 45, "codename": "view_pagepreview"}}, {"model": "auth.group", "pk": 1, "fields": {"name": "Moderators", "permissions": [1, 2, 3, 150, 4, 5, 6, 151, 7]}}, {"model": "auth.group", "pk": 2, "fields": {"name": "Editors", "permissions": [1, 2, 3, 150, 4, 5, 6, 151, 7]}}, {"model": "contenttypes.contenttype", "pk": 1, "fields": {"app_label": "wagtailcore", "model": "page"}}, {"model": "contenttypes.contenttype", "pk": 2, "fields": {"app_label": "wagtailcore", "model": "groupapprovaltask"}}, {"model": "contenttypes.contenttype", "pk": 3, "fields": {"app_label": "wagtailadmin", "model": "admin"}}, {"model": "contenttypes.contenttype", "pk": 4, "fields": {"app_label": "wagtaildocs", "model": "document"}}, {"model": "contenttypes.contenttype", "pk": 5, "fields": {"app_label": "wagtailimages", "model": "image"}}, {"model": "contenttypes.contenttype", "pk": 6, "fields": {"app_label": "admin", "model": "logentry"}}, {"model": "contenttypes.contenttype", "pk": 7, "fields": {"app_label": "auth", "model": "permission"}}, {"model": "contenttypes.contenttype", "pk": 8, "fields": {"app_label": "auth", "model": "group"}}, {"model": "contenttypes.contenttype", "pk": 9, "fields": {"app_label": "contenttypes", "model": "contenttype"}}, {"model": "contenttypes.contenttype", "pk": 10, "fields": {"app_label": "sessions", "model": "session"}}, {"model": "contenttypes.contenttype", "pk": 11, "fields": {"app_label": "wagtailforms", "model": "formsubmission"}}, {"model": "contenttypes.contenttype", "pk": 12, "fields": {"app_label": "wagtailredirects", "model": "redirect"}}, {"model": "contenttypes.contenttype", "pk": 13, "fields": {"app_label": "wagtailembeds", "model": "embed"}}, {"model": "contenttypes.contenttype", "pk": 14, "fields": {"app_label": "wagtailusers", "model": "userprofile"}}, {"model": "contenttypes.contenttype", "pk": 15, "fields": {"app_label": "wagtailimages", "model": "rendition"}}, {"model": "contenttypes.contenttype", "pk": 16, "fields": {"app_label": "wagtailimages", "model": "uploadedimage"}}, {"model": "contenttypes.contenttype", "pk": 17, "fields": {"app_label": "wagtailsearch", "model": "query"}}, {"model": "contenttypes.contenttype", "pk": 18, "fields": {"app_label": "wagtailsearch", "model": "querydailyhits"}}, {"model": "contenttypes.contenttype", "pk": 19, "fields": {"app_label": "wagtailcore", "model": "grouppagepermission"}}, {"model": "contenttypes.contenttype", "pk": 20, "fields": {"app_label": "wagtailcore", "model": "pagerevision"}}, {"model": "contenttypes.contenttype", "pk": 21, "fields": {"app_label": "wagtailcore", "model": "pageviewrestriction"}}, {"model": "contenttypes.contenttype", "pk": 22, "fields": {"app_label": "wagtailcore", "model": "site"}}, {"model": "contenttypes.contenttype", "pk": 23, "fields": {"app_label": "wagtailcore", "model": "collection"}}, {"model": "contenttypes.contenttype", "pk": 24, "fields": {"app_label": "wagtailcore", "model": "groupcollectionpermission"}}, {"model": "contenttypes.contenttype", "pk": 25, "fields": {"app_label": "wagtailcore", "model": "collectionviewrestriction"}}, {"model": "contenttypes.contenttype", "pk": 26, "fields": {"app_label": "wagtailcore", "model": "task"}}, {"model": "contenttypes.contenttype", "pk": 27, "fields": {"app_label": "wagtailcore", "model": "taskstate"}}, {"model": "contenttypes.contenttype", "pk": 28, "fields": {"app_label": "wagtailcore", "model": "workflow"}}, {"model": "contenttypes.contenttype", "pk": 29, "fields": {"app_label": "wagtailcore", "model": "workflowstate"}}, {"model": "contenttypes.contenttype", "pk": 30, "fields": {"app_label": "wagtailcore", "model": "workflowpage"}}, {"model": "contenttypes.contenttype", "pk": 31, "fields": {"app_label": "wagtailcore", "model": "workflowtask"}}, {"model": "contenttypes.contenttype", "pk": 32, "fields": {"app_label": "wagtailcore", "model": "pagelogentry"}}, {"model": "contenttypes.contenttype", "pk": 33, "fields": {"app_label": "wagtailcore", "model": "locale"}}, {"model": "contenttypes.contenttype", "pk": 34, "fields": {"app_label": "taggit", "model": "tag"}}, {"model": "contenttypes.contenttype", "pk": 35, "fields": {"app_label": "taggit", "model": "taggeditem"}}, {"model": "contenttypes.contenttype", "pk": 36, "fields": {"app_label": "slsblog_auth", "model": "user"}}, {"model": "contenttypes.contenttype", "pk": 37, "fields": {"app_label": "slsblog_cms", "model": "bloglandingpage"}}, {"model": "contenttypes.contenttype", "pk": 38, "fields": {"app_label": "slsblog_cms", "model": "blogpage"}}, {"model": "contenttypes.contenttype", "pk": 39, "fields": {"app_label": "wagtaildocs", "model": "uploadeddocument"}}, {"model": "contenttypes.contenttype", "pk": 40, "fields": {"app_label": "wagtailsearch", "model": "indexentry"}}, {"model": "contenttypes.contenttype", "pk": 41, "fields": {"app_label": "wagtailcore", "model": "comment"}}, {"model": "contenttypes.contenttype", "pk": 42, "fields": {"app_label": "wagtailcore", "model": "commentreply"}}, {"model": "contenttypes.contenttype", "pk": 43, "fields": {"app_label": "wagtailcore", "model": "pagesubscription"}}, {"model": "contenttypes.contenttype", "pk": 44, "fields": {"app_label": "wagtailcore", "model": "modellogentry"}}, {"model": "contenttypes.contenttype", "pk": 45, "fields": {"app_label": "wagtail_headless_preview", "model": "pagepreview"}}, {"model": "sessions.session", "pk": "bhnsrrobb8cyjdjory38pi1aykgbj8eh", "fields": {"session_data": ".eJx1UWtvmzAU_S9I8CUNAvMylfgQ1mlZ1EhTm22Npgn5cQEvLmZgmtBp_32mRFk7adK1dX3Ouce-17-sggy6LoYeukJw69ryravXGCXsAM1E8B-kqZTLVKM7Qd1J4p7Z3t0qDjI_a98Y1KSvTXWIPcyjMCa-l9IQMQbES1LGSooCCP0QlzgiELIYY-4zP-YepRio72HC0igNjOmRVJoIuWw7eBJwXFrX3yzWd-Wj4FzCkXSglbk_a9tVuULR7eZ2v_fU-n7LuyRF8n33U4ly8-HL-vNDuiMPXHl1sC6feb4_faKbw8cQlXftTn11GjjpzNFCS8i24yKXqrKRb8IRpneV2UluI0SlYofeJHawsqN8Bg8wnhGE4magwXRC78yujemF2q1FvzCha1i8eP6VjS1cZEPT61ECv7AcWl3PtDcjopGigftJdmf-B149KLqZJdCYVsb_sZxockZNB8nNFG8rt6T9R-D0cqiyx3FpZlA5PahiHpZJScfqgkPPOtFqoZrMqVQhxRMUxMwUTq3oXlLryo-DFJuVpm4S-QmOvv_-A7nSyqI:1myhXL:xbdzNLvcuQnm44bZOU1J32BmTerg3tDR7oosQaFMz0Q", "expire_date": "2022-01-01T21:46:39.759Z"}}, {"model": "sessions.session", "pk": "feunyfhp0yxdm5kk31cvjy0gbt7eb5zr", "fields": {"session_data": ".eJx1Uu9P2zAQ_V8itV9GKjtO4gQpH9ohoNICCApim6bIPy6N2zTOErdQpv3vc0hTAWKSZfneez7fPd8fJ2NbU2TbFppMSefUwc7JW4wzsYaqI-SKVUs9EboyjeKTTjI5sO0k1RLK2UH7LkHB2sLeFpyGHolEEBLqB4ApCmUoeUQ8ScOY-Qz7FAtPCgYSM8mQRF6UBz6PJceB9G3SJ7Y0TJVu3cBOwZNLnNOfjmibfKOkLOGJNWC0LSB5WZDfRR5_h93lj_zx8aau7tJ5MJOkrOuUvRjeiHPtb7jJWdje0-lq0dCLB1M9XKuCX5yvxxU8m2RslCkhSfdfbtgSxsq2rZPXfcy13LtCbyuTeH2AXNs_GJDJEOtGQpOgITT7GpJGiSIzNvmAKplgL0TEJ4ErYqCunxPqcsywS2MUQIQiFKJwkO9YuYVkRGcjz-OlFuvWHkZkOgpmPbiG_QHxvDgXq1UXeV_t3r16pC6hLPXIw8MaNLbGo2ZbtWZfgjyyEmpT9DTqEVWVqoK7TnZrZwPeVBOc9RKorIv7_7GSGXZAbfn0rFvvb6as_iDovcAf_MYHv_EQvvqtNt3PHRDrNaJ5SKOYuRDRyPU5li6LCHdzASC87htwPsh7r_G4LbfLZLN36y5VCzrrx8IeWWN_U0IrGlUbpatkvNRZqXaQMTs98Fyrpj8KvdnYdlp3cb2YfsvOr2_TOzsZR3h-NV_MPyPS-VV2dZ9-Qkwf3xDOCQ594kc-JtEEIRKgmPz6-w9cRzUj:1nDtIg:FutsGC8X-vKKlYWdisdZ16wtoyMS8_DBT05IZSwh47M", "expire_date": "2022-02-12T19:22:18.034Z"}}, {"model": "sessions.session", "pk": "j2ef4xzs9zndo991w94m02cm9j8dr44g", "fields": {"session_data": ".eJxVjMEOwiAQRP-FsyFCYXE9eu83EJbdStXQpLQn47_bJj3obTLvzbxVTOtS4tpkjiOrq7Lq9NtRyk-pO-BHqvdJ56ku80h6V_RBm-4nltftcP8OSmplW4OzHoIAG0FrKaVzsOS9mC1lDEwAEAwZ5zMQOSQcBjb2wh67Dj2pzxfXBzem:1mtyiy:srHtUdIftjIoWPjatOqpOvMU8d1qYsI9EQnpFGBsy4M", "expire_date": "2021-12-19T21:07:08.896Z"}}, {"model": "sessions.session", "pk": "prqldpcf1b5isbto8mbgvwtpe778sjqk", "fields": {"session_data": ".eJzVU11P2zAU_S-V2heWKnY-nEzKQwsbMBoKaxmwaYqc-KYxdeMscVvSaf99DmkQMJD2uElW5HvO8c319bk_exFdqyxaV1BGnPXe91Dv3VMspskS8oZgdzRfyGEic1XyeNhIhnu2GoaSgRjvtc8SZLTK9OkkJi62vMRxLWI7gIjpMpfFnoUZcX1qU2QTlGCWUGCIMmoyE3upY8c-i5HDbJ10SxeKcmEUJWw4bA2r9_5bL6nKdMUZE7ClJSipCwhm4iw8TI-Pz3b5rL44246q66Pi5GgHZWhfHE-u1uFS0THasXoz9nM1gfyDvN36q083ZDOh26tBDvcqGCiuBARhfXBBFzDg-toyePgOYslqI5HrXAW4DUxD3x8UsKCLZcmgDMwuVHUBQcmTLFI6eYdyFiDsmpZtOUbiAzHs1CJGjCgyiG864Jme6ZpuJ99QsYagT8Z9jGMhk2WlN31r1HfGLbiEeo9g7KfJ3V0T4UP9bf76SJ2AELKPUbc6ja7xUbPOK1ULYI8sg0JlLW22CM8Fz2HWyD5rb8CTapyjVgK57mL9FsuoontUl0-OmvX8ZEiLF4K2F-hFv9G-36gLH_rNV83L7RHda5OkLvF8aoBHPMOOETOoZ8VGmgAkuHkGlHbyttdoUIn1IljVRtGkqkBGrS30lpb6NRlUSckLxWUeDBYyEnwDEdXugfuCl-02kauVvk5lzKfz0ST6OP0czrQzHuHT89P56WtEeHoenV-FrxCjmydE7x1ybWy5GDl4iEzTI5bz_c95sd-al5PizM7x5dfp6FgysQ6vb-wtG5m1Ux3auzSr7y6Xky8ynmW7KZnOGRrNwiwstmJ0e7PZfML1y3kZC7lorbWfmr90rFA_XPm6Y-cnvDrQS2Vw8JDzf3VvZyfdjMW_bSfHJ8Qa-q42let___UbGVPqqg:1n9BQ8:Sq7rRQr7L1JSEaC2zzvgLOLw6Azyds5_Pe4fhu_l3Eo", "expire_date": "2022-01-30T19:42:32.119Z"}}, {"model": "sessions.session", "pk": "pvhywx24vu4a59wrfoceyyq99cvvhy3p", "fields": {"session_data": ".eJx1Um1vmzAQ_i9I4UuaiBdDTCU-JM2iZR1UbdmUbZqQXy7ghgDDppRN_e91RtSkUyedrPPzPPfo7uw_RkpalaethCYV3Lg0bOPiHKOE7aA8EPyBlFk1ZVWpGkGnB8n0yMppVHEoFkftG4OcyFxXI2xh7iGf2FZAkcMYEGsWMLaljgvIRniLPQKI-Rhzm9k-tyjFQG0LExZ4gatNO5IpIopJ3cCjgG6CjMsfBpPNdi84L6AjDahKNxBGm2u_-0TjeOMW89_yq7X89T3pakSps2os5gXXavZgB-5t8y2Kuza_yj9ksl3iKIlw26KVWcKTCk0lVAFh1I8XRZWNHFuHKfTwVTiaLUaOQ4uK7aRORu585C0GcAf9EXEcIpTih5tzpU-lTV-p5KOQYx0qh_Ffz5Osr-FV1pZS9QWcTDjUKh9oa0BEWYgS7g-yO_1AcNaQtxwkUOpR-v-xnChyRPUEs-Uh3lZGpP5HYMqizcJ9P9E7yEwJVTosS6ekYXnKQbJG1EpUZWhmVVqIR0iJ3ik81aIZUlbt99pfTpKbZP45Xd3cRfehdYLX8TpZv0dE6ziNv0TvEPPNGWFc2D6yPB8jD09d_YWw4_98fgFPiOsW:1n1ena:DzeWNlCsRSwijUaP0isT1vWn9BtRsXGUKVXp5mt41Yo", "expire_date": "2022-01-10T01:27:38.391Z"}}, {"model": "sessions.session", "pk": "zwzr9iqssi9t6ca5q8l993pnczg57stn", "fields": {"session_data": ".eJxVjEEOwiAQRe_C2hBoAQeX7nuGZmaYStVAUtqV8e7apAvd_vfef6kRtzWPW5NlnJO6KKtOvxshP6TsIN2x3KrmWtZlJr0r-qBNDzXJ83q4fwcZW_7WDgwk7wJaE8l1zILmHJkn6npx1sEEHsVxAEiWbUiGCISsAeToY6_eH-E_N_8:1mhGyI:o47mzv_j98c3Z_jkCW66XyTDFgmmIvIl7KUSw2-mYIM", "expire_date": "2021-11-14T19:58:26.794Z"}}, {"model": "wagtailusers.userprofile", "pk": 1, "fields": {"user": 1, "submitted_notifications": true, "approved_notifications": true, "rejected_notifications": true, "updated_comments_notifications": true, "preferred_language": "", "current_time_zone": "", "avatar": ""}}, {"model": "wagtailimages.image", "pk": 1, "fields": {"collection": 1, "title": "A picture", "file": "original_images/profile.jpg", "width": 1440, "height": 1439, "created_at": "2021-10-31T20:04:02.499Z", "uploaded_by_user": 1, "focal_point_x": null, "focal_point_y": null, "focal_point_width": null, "focal_point_height": null, "file_size": 237380, "file_hash": "1d3d758340dfb83a6668e35e1ced72f96499518f"}}, {"model": "wagtailimages.rendition", "pk": 1, "fields": {"filter_spec": "max-165x165", "file": "images/profile.max-165x165.jpg", "width": 165, "height": 164, "focal_point_key": "", "image": 1}}, {"model": "wagtailimages.rendition", "pk": 2, "fields": {"filter_spec": "width-400", "file": "images/profile.width-400.jpg", "width": 400, "height": 399, "focal_point_key": "", "image": 1}}, {"model": "wagtailimages.rendition", "pk": 3, "fields": {"filter_spec": "width-600", "file": "images/profile.width-600.jpg", "width": 600, "height": 599, "focal_point_key": "", "image": 1}}, {"model": "wagtailimages.rendition", "pk": 4, "fields": {"filter_spec": "width-1000", "file": "images/profile.width-1000.jpg", "width": 1000, "height": 999, "focal_point_key": "", "image": 1}}, {"model": "wagtailimages.rendition", "pk": 5, "fields": {"filter_spec": "original", "file": "images/profile.original.jpg", "width": 1440, "height": 1439, "focal_point_key": "", "image": 1}}, {"model": "wagtailimages.rendition", "pk": 6, "fields": {"filter_spec": "max-800x600", "file": "images/profile.max-800x600.jpg", "width": 600, "height": 600, "focal_point_key": "", "image": 1}}, {"model": "wagtailcore.site", "pk": 1, "fields": {"hostname": "localhost", "port": 3000, "site_name": "", "root_page": 4, "is_default_site": false}}, {"model": "wagtailcore.site", "pk": 2, "fields": {"hostname": "localhost", "port": 8000, "site_name": "backend", "root_page": 4, "is_default_site": false}}, {"model": "wagtailcore.collection", "pk": 1, "fields": {"path": "0001", "depth": 1, "numchild": 0, "name": "Root"}}, {"model": "wagtailcore.groupcollectionpermission", "pk": 1, "fields": {"group": 1, "collection": 1, "permission": 2}}, {"model": "wagtailcore.groupcollectionpermission", "pk": 2, "fields": {"group": 2, "collection": 1, "permission": 2}}, {"model": "wagtailcore.groupcollectionpermission", "pk": 3, "fields": {"group": 1, "collection": 1, "permission": 3}}, {"model": "wagtailcore.groupcollectionpermission", "pk": 4, "fields": {"group": 2, "collection": 1, "permission": 3}}, {"model": "wagtailcore.groupcollectionpermission", "pk": 5, "fields": {"group": 1, "collection": 1, "permission": 5}}, {"model": "wagtailcore.groupcollectionpermission", "pk": 6, "fields": {"group": 2, "collection": 1, "permission": 5}}, {"model": "wagtailcore.groupcollectionpermission", "pk": 7, "fields": {"group": 1, "collection": 1, "permission": 6}}, {"model": "wagtailcore.groupcollectionpermission", "pk": 8, "fields": {"group": 2, "collection": 1, "permission": 6}}, {"model": "wagtailcore.groupcollectionpermission", "pk": 9, "fields": {"group": 1, "collection": 1, "permission": 150}}, {"model": "wagtailcore.groupcollectionpermission", "pk": 10, "fields": {"group": 2, "collection": 1, "permission": 150}}, {"model": "wagtailcore.groupcollectionpermission", "pk": 11, "fields": {"group": 1, "collection": 1, "permission": 151}}, {"model": "wagtailcore.groupcollectionpermission", "pk": 12, "fields": {"group": 2, "collection": 1, "permission": 151}}, {"model": "wagtailcore.locale", "pk": 1, "fields": {"language_code": "en"}}, {"model": "wagtailcore.page", "pk": 1, "fields": {"path": "0001", "depth": 1, "numchild": 1, "translation_key": "50d2084e-78b7-4069-900d-09946b8da68f", "locale": 1, "title": "Root", "draft_title": "Root", "slug": "root", "content_type": 1, "live": true, "has_unpublished_changes": false, "url_path": "/", "owner": null, "seo_title": "", "show_in_menus": false, "search_description": "", "go_live_at": null, "expire_at": null, "expired": false, "locked": false, "locked_at": null, "locked_by": null, "first_published_at": null, "last_published_at": null, "latest_revision_created_at": null, "live_revision": null, "alias_of": null}}, {"model": "wagtailcore.page", "pk": 3, "fields": {"path": "000100020001", "depth": 3, "numchild": 3, "translation_key": "bbdb4d0f-f109-4ae4-946b-080f1da20b65", "locale": 1, "title": "My Page", "draft_title": "My Page", "slug": "my-page", "content_type": 38, "live": true, "has_unpublished_changes": true, "url_path": "/my-blog/my-page/", "owner": 1, "seo_title": "", "show_in_menus": false, "search_description": "", "go_live_at": null, "expire_at": null, "expired": false, "locked": false, "locked_at": null, "locked_by": null, "first_published_at": "2021-10-31T20:04:33.254Z", "last_published_at": "2021-10-31T20:04:33.254Z", "latest_revision_created_at": "2022-01-15T22:13:57.975Z", "live_revision": 3, "alias_of": null}}, {"model": "wagtailcore.page", "pk": 4, "fields": {"path": "00010002", "depth": 2, "numchild": 1, "translation_key": "29719520-9a8c-4ab8-85ea-cc94c92ac4d7", "locale": 1, "title": "My Blog!!!", "draft_title": "My Blog!!", "slug": "my-blog", "content_type": 37, "live": true, "has_unpublished_changes": true, "url_path": "/my-blog/", "owner": 1, "seo_title": "", "show_in_menus": false, "search_description": "", "go_live_at": null, "expire_at": null, "expired": false, "locked": false, "locked_at": null, "locked_by": null, "first_published_at": "2021-12-18T21:41:27.589Z", "last_published_at": "2022-01-16T18:29:51.626Z", "latest_revision_created_at": "2022-01-16T18:53:56.351Z", "live_revision": 26, "alias_of": null}}, {"model": "wagtailcore.page", "pk": 5, "fields": {"path": "0001000200010001", "depth": 4, "numchild": 0, "translation_key": "83d59c48-2e58-4883-b28f-ad645124b370", "locale": 1, "title": "Upgradable leadingedge task-force", "draft_title": "Upgradable leadingedge task-force", "slug": "upgradable-leadingedge-task-force", "content_type": 38, "live": true, "has_unpublished_changes": false, "url_path": "/my-blog/my-page/upgradable-leadingedge-task-force/", "owner": null, "seo_title": "", "show_in_menus": false, "search_description": "", "go_live_at": null, "expire_at": null, "expired": false, "locked": false, "locked_at": null, "locked_by": null, "first_published_at": null, "last_published_at": null, "latest_revision_created_at": null, "live_revision": null, "alias_of": null}}, {"model": "wagtailcore.page", "pk": 6, "fields": {"path": "0001000200010002", "depth": 4, "numchild": 0, "translation_key": "6ac1e45d-6718-4aa7-8fd6-b0128f2db0dd", "locale": 1, "title": "Ergonomic hybrid utilization", "draft_title": "Ergonomic hybrid utilization", "slug": "ergonomic-hybrid-utilization", "content_type": 38, "live": true, "has_unpublished_changes": false, "url_path": "/my-blog/my-page/ergonomic-hybrid-utilization/", "owner": null, "seo_title": "", "show_in_menus": false, "search_description": "", "go_live_at": null, "expire_at": null, "expired": false, "locked": false, "locked_at": null, "locked_by": null, "first_published_at": null, "last_published_at": null, "latest_revision_created_at": null, "live_revision": null, "alias_of": null}}, {"model": "wagtailcore.page", "pk": 7, "fields": {"path": "0001000200010003", "depth": 4, "numchild": 0, "translation_key": "bb0c324a-21f2-42c4-8120-efe8700c0ae2", "locale": 1, "title": "Sharable contextually-based moderator", "draft_title": "Sharable contextually-based moderator", "slug": "sharable-contextually-based-moderator", "content_type": 38, "live": true, "has_unpublished_changes": false, "url_path": "/my-blog/my-page/sharable-contextually-based-moderator/", "owner": null, "seo_title": "", "show_in_menus": false, "search_description": "", "go_live_at": null, "expire_at": null, "expired": false, "locked": false, "locked_at": null, "locked_by": null, "first_published_at": null, "last_published_at": null, "latest_revision_created_at": null, "live_revision": null, "alias_of": null}}, {"model": "wagtailcore.pagerevision", "pk": 1, "fields": {"page": 3, "submitted_for_moderation": false, "created_at": "2021-10-31T20:04:05.228Z", "user": 1, "content_json": "{\"pk\": 3, \"path\": \"00010002\", \"depth\": 2, \"numchild\": 0, \"translation_key\": \"bbdb4d0f-f109-4ae4-946b-080f1da20b65\", \"locale\": 1, \"title\": \"My Page\", \"draft_title\": \"My Page\", \"slug\": \"my-page\", \"content_type\": 38, \"live\": false, \"has_unpublished_changes\": false, \"url_path\": \"/my-page/\", \"owner\": 1, \"seo_title\": \"\", \"show_in_menus\": false, \"search_description\": \"\", \"go_live_at\": null, \"expire_at\": null, \"expired\": false, \"locked\": false, \"locked_at\": null, \"locked_by\": null, \"first_published_at\": null, \"last_published_at\": null, \"latest_revision_created_at\": null, \"live_revision\": null, \"alias_of\": null, \"intro\": \"intro\", \"body\": \"[{\\\"type\\\": \\\"rich_text\\\", \\\"value\\\": \\\"<p>Hello!!!</p>\\\", \\\"id\\\": \\\"12603435-c9e7-4f37-b1a1-7905e8080606\\\"}, {\\\"type\\\": \\\"image\\\", \\\"value\\\": 1, \\\"id\\\": \\\"07f6789a-e878-4b1d-a83b-fceec203431f\\\"}]\"}", "approved_go_live_at": null}}, {"model": "wagtailcore.pagerevision", "pk": 2, "fields": {"page": 3, "submitted_for_moderation": false, "created_at": "2021-10-31T20:04:25.881Z", "user": 1, "content_json": "{\"pk\": 3, \"path\": \"00010002\", \"depth\": 2, \"numchild\": 0, \"translation_key\": \"bbdb4d0f-f109-4ae4-946b-080f1da20b65\", \"locale\": 1, \"title\": \"My Page\", \"draft_title\": \"My Page\", \"slug\": \"my-page\", \"content_type\": 38, \"live\": false, \"has_unpublished_changes\": true, \"url_path\": \"/my-page/\", \"owner\": 1, \"seo_title\": \"\", \"show_in_menus\": false, \"search_description\": \"\", \"go_live_at\": null, \"expire_at\": null, \"expired\": false, \"locked\": false, \"locked_at\": null, \"locked_by\": null, \"first_published_at\": null, \"last_published_at\": null, \"latest_revision_created_at\": \"2021-10-31T20:04:05.228Z\", \"live_revision\": null, \"alias_of\": null, \"intro\": \"intro\", \"body\": \"[{\\\"type\\\": \\\"rich_text\\\", \\\"value\\\": \\\"<p>Hello!!!</p>\\\", \\\"id\\\": \\\"12603435-c9e7-4f37-b1a1-7905e8080606\\\"}, {\\\"type\\\": \\\"image\\\", \\\"value\\\": 1, \\\"id\\\": \\\"07f6789a-e878-4b1d-a83b-fceec203431f\\\"}]\"}", "approved_go_live_at": null}}, {"model": "wagtailcore.pagerevision", "pk": 3, "fields": {"page": 3, "submitted_for_moderation": false, "created_at": "2021-10-31T20:04:33.238Z", "user": 1, "content_json": "{\"pk\": 3, \"path\": \"00010002\", \"depth\": 2, \"numchild\": 0, \"translation_key\": \"bbdb4d0f-f109-4ae4-946b-080f1da20b65\", \"locale\": 1, \"title\": \"My Page\", \"draft_title\": \"My Page\", \"slug\": \"my-page\", \"content_type\": 38, \"live\": false, \"has_unpublished_changes\": true, \"url_path\": \"/my-page/\", \"owner\": 1, \"seo_title\": \"\", \"show_in_menus\": false, \"search_description\": \"\", \"go_live_at\": null, \"expire_at\": null, \"expired\": false, \"locked\": false, \"locked_at\": null, \"locked_by\": null, \"first_published_at\": null, \"last_published_at\": null, \"latest_revision_created_at\": \"2021-10-31T20:04:25.881Z\", \"live_revision\": null, \"alias_of\": null, \"intro\": \"intro\", \"body\": \"[{\\\"type\\\": \\\"rich_text\\\", \\\"value\\\": \\\"<p>Hello!!!</p>\\\", \\\"id\\\": \\\"12603435-c9e7-4f37-b1a1-7905e8080606\\\"}, {\\\"type\\\": \\\"image\\\", \\\"value\\\": 1, \\\"id\\\": \\\"07f6789a-e878-4b1d-a83b-fceec203431f\\\"}]\"}", "approved_go_live_at": null}}, {"model": "wagtailcore.pagerevision", "pk": 4, "fields": {"page": 4, "submitted_for_moderation": false, "created_at": "2021-12-18T21:41:23.748Z", "user": 1, "content_json": "{\"pk\": 4, \"path\": \"00010002\", \"depth\": 2, \"numchild\": 0, \"translation_key\": \"29719520-9a8c-4ab8-85ea-cc94c92ac4d7\", \"locale\": 1, \"title\": \"My Blog!!\", \"draft_title\": \"My Blog!!\", \"slug\": \"my-blog\", \"content_type\": 37, \"live\": false, \"has_unpublished_changes\": false, \"url_path\": \"/my-blog/\", \"owner\": 1, \"seo_title\": \"\", \"show_in_menus\": false, \"search_description\": \"\", \"go_live_at\": null, \"expire_at\": null, \"expired\": false, \"locked\": false, \"locked_at\": null, \"locked_by\": null, \"first_published_at\": null, \"last_published_at\": null, \"latest_revision_created_at\": null, \"live_revision\": null, \"alias_of\": null, \"intro\": \"<p>THis is the intro</p>\"}", "approved_go_live_at": null}}, {"model": "wagtailcore.pagerevision", "pk": 5, "fields": {"page": 4, "submitted_for_moderation": false, "created_at": "2021-12-18T21:41:27.573Z", "user": 1, "content_json": "{\"pk\": 4, \"path\": \"00010002\", \"depth\": 2, \"numchild\": 0, \"translation_key\": \"29719520-9a8c-4ab8-85ea-cc94c92ac4d7\", \"locale\": 1, \"title\": \"My Blog!!\", \"draft_title\": \"My Blog!!\", \"slug\": \"my-blog\", \"content_type\": 37, \"live\": false, \"has_unpublished_changes\": true, \"url_path\": \"/my-blog/\", \"owner\": 1, \"seo_title\": \"\", \"show_in_menus\": false, \"search_description\": \"\", \"go_live_at\": null, \"expire_at\": null, \"expired\": false, \"locked\": false, \"locked_at\": null, \"locked_by\": null, \"first_published_at\": null, \"last_published_at\": null, \"latest_revision_created_at\": \"2021-12-18T21:41:23.748Z\", \"live_revision\": null, \"alias_of\": null, \"intro\": \"<p>THis is the intro</p>\"}", "approved_go_live_at": null}}, {"model": "wagtailcore.pagerevision", "pk": 6, "fields": {"page": 4, "submitted_for_moderation": false, "created_at": "2021-12-18T21:46:43.270Z", "user": 1, "content_json": "{\"pk\": 4, \"path\": \"00010002\", \"depth\": 2, \"numchild\": 1, \"translation_key\": \"29719520-9a8c-4ab8-85ea-cc94c92ac4d7\", \"locale\": 1, \"title\": \"My Blog!!\", \"draft_title\": \"My Blog!!\", \"slug\": \"my-blog\", \"content_type\": 37, \"live\": true, \"has_unpublished_changes\": false, \"url_path\": \"/my-blog/\", \"owner\": 1, \"seo_title\": \"\", \"show_in_menus\": false, \"search_description\": \"\", \"go_live_at\": null, \"expire_at\": null, \"expired\": false, \"locked\": false, \"locked_at\": null, \"locked_by\": null, \"first_published_at\": \"2021-12-18T21:41:27.589Z\", \"last_published_at\": \"2021-12-18T21:41:27.589Z\", \"latest_revision_created_at\": \"2021-12-18T21:41:27.573Z\", \"live_revision\": 5, \"alias_of\": null, \"intro\": \"<p>THis is the intro</p>\"}", "approved_go_live_at": null}}, {"model": "wagtailcore.pagerevision", "pk": 7, "fields": {"page": 4, "submitted_for_moderation": false, "created_at": "2021-12-18T21:46:45.792Z", "user": 1, "content_json": "{\"pk\": 4, \"path\": \"00010002\", \"depth\": 2, \"numchild\": 1, \"translation_key\": \"29719520-9a8c-4ab8-85ea-cc94c92ac4d7\", \"locale\": 1, \"title\": \"My Blog!!\", \"draft_title\": \"My Blog!!\", \"slug\": \"my-blog\", \"content_type\": 37, \"live\": true, \"has_unpublished_changes\": true, \"url_path\": \"/my-blog/\", \"owner\": 1, \"seo_title\": \"\", \"show_in_menus\": false, \"search_description\": \"\", \"go_live_at\": null, \"expire_at\": null, \"expired\": false, \"locked\": false, \"locked_at\": null, \"locked_by\": null, \"first_published_at\": \"2021-12-18T21:41:27.589Z\", \"last_published_at\": \"2021-12-18T21:41:27.589Z\", \"latest_revision_created_at\": \"2021-12-18T21:46:43.270Z\", \"live_revision\": 5, \"alias_of\": null, \"intro\": \"<p>THis is the intro</p>\"}", "approved_go_live_at": null}}, {"model": "wagtailcore.pagerevision", "pk": 8, "fields": {"page": 4, "submitted_for_moderation": false, "created_at": "2021-12-27T02:01:41.884Z", "user": 1, "content_json": "{\"pk\": 4, \"path\": \"00010002\", \"depth\": 2, \"numchild\": 1, \"translation_key\": \"29719520-9a8c-4ab8-85ea-cc94c92ac4d7\", \"locale\": 1, \"title\": \"My Blog!!\", \"draft_title\": \"My Blog!!\", \"slug\": \"my-blog\", \"content_type\": 37, \"live\": true, \"has_unpublished_changes\": false, \"url_path\": \"/my-blog/\", \"owner\": 1, \"seo_title\": \"\", \"show_in_menus\": false, \"search_description\": \"\", \"go_live_at\": null, \"expire_at\": null, \"expired\": false, \"locked\": false, \"locked_at\": null, \"locked_by\": null, \"first_published_at\": \"2021-12-18T21:41:27.589Z\", \"last_published_at\": \"2021-12-18T21:46:45.808Z\", \"latest_revision_created_at\": \"2021-12-18T21:46:45.792Z\", \"live_revision\": 7, \"alias_of\": null, \"intro\": \"<p data-block-key=\\\"ltq6o\\\">THis is the intro!!</p>\", \"wagtail_admin_comments\": []}", "approved_go_live_at": null}}, {"model": "wagtailcore.pagerevision", "pk": 9, "fields": {"page": 4, "submitted_for_moderation": false, "created_at": "2021-12-27T02:01:52.244Z", "user": 1, "content_json": "{\"pk\": 4, \"path\": \"00010002\", \"depth\": 2, \"numchild\": 1, \"translation_key\": \"29719520-9a8c-4ab8-85ea-cc94c92ac4d7\", \"locale\": 1, \"title\": \"My Blog!!\", \"draft_title\": \"My Blog!!\", \"slug\": \"my-blog\", \"content_type\": 37, \"live\": true, \"has_unpublished_changes\": true, \"url_path\": \"/my-blog/\", \"owner\": 1, \"seo_title\": \"\", \"show_in_menus\": false, \"search_description\": \"\", \"go_live_at\": null, \"expire_at\": null, \"expired\": false, \"locked\": false, \"locked_at\": null, \"locked_by\": null, \"first_published_at\": \"2021-12-18T21:41:27.589Z\", \"last_published_at\": \"2021-12-18T21:46:45.808Z\", \"latest_revision_created_at\": \"2021-12-27T02:01:41.884Z\", \"live_revision\": 7, \"alias_of\": null, \"intro\": \"<p data-block-key=\\\"ltq6o\\\">THis is the intro!!!</p>\", \"wagtail_admin_comments\": []}", "approved_go_live_at": null}}, {"model": "wagtailcore.pagerevision", "pk": 10, "fields": {"page": 4, "submitted_for_moderation": false, "created_at": "2021-12-27T02:05:29.477Z", "user": 1, "content_json": "{\"pk\": 4, \"path\": \"00010002\", \"depth\": 2, \"numchild\": 1, \"translation_key\": \"29719520-9a8c-4ab8-85ea-cc94c92ac4d7\", \"locale\": 1, \"title\": \"My Blog!!\", \"draft_title\": \"My Blog!!\", \"slug\": \"my-blog\", \"content_type\": 37, \"live\": true, \"has_unpublished_changes\": true, \"url_path\": \"/my-blog/\", \"owner\": 1, \"seo_title\": \"\", \"show_in_menus\": false, \"search_description\": \"\", \"go_live_at\": null, \"expire_at\": null, \"expired\": false, \"locked\": false, \"locked_at\": null, \"locked_by\": null, \"first_published_at\": \"2021-12-18T21:41:27.589Z\", \"last_published_at\": \"2021-12-18T21:46:45.808Z\", \"latest_revision_created_at\": \"2021-12-27T02:01:52.244Z\", \"live_revision\": 7, \"alias_of\": null, \"intro\": \"<p data-block-key=\\\"ltq6o\\\">THis is the intro!!!</p>\", \"wagtail_admin_comments\": []}", "approved_go_live_at": null}}, {"model": "wagtailcore.pagerevision", "pk": 11, "fields": {"page": 4, "submitted_for_moderation": false, "created_at": "2021-12-27T02:06:00.319Z", "user": 1, "content_json": "{\"pk\": 4, \"path\": \"00010002\", \"depth\": 2, \"numchild\": 1, \"translation_key\": \"29719520-9a8c-4ab8-85ea-cc94c92ac4d7\", \"locale\": 1, \"title\": \"My Blog!!\", \"draft_title\": \"My Blog!!\", \"slug\": \"my-blog\", \"content_type\": 37, \"live\": true, \"has_unpublished_changes\": true, \"url_path\": \"/my-blog/\", \"owner\": 1, \"seo_title\": \"\", \"show_in_menus\": false, \"search_description\": \"\", \"go_live_at\": null, \"expire_at\": null, \"expired\": false, \"locked\": false, \"locked_at\": null, \"locked_by\": null, \"first_published_at\": \"2021-12-18T21:41:27.589Z\", \"last_published_at\": \"2021-12-18T21:46:45.808Z\", \"latest_revision_created_at\": \"2021-12-27T02:05:29.477Z\", \"live_revision\": 7, \"alias_of\": null, \"intro\": \"<p data-block-key=\\\"ltq6o\\\">THis is the intro!!!!</p>\", \"wagtail_admin_comments\": []}", "approved_go_live_at": null}}, {"model": "wagtailcore.pagerevision", "pk": 12, "fields": {"page": 3, "submitted_for_moderation": false, "created_at": "2022-01-15T22:06:20.077Z", "user": 1, "content_json": "{\"pk\": 3, \"path\": \"000100020001\", \"depth\": 3, \"numchild\": 0, \"translation_key\": \"bbdb4d0f-f109-4ae4-946b-080f1da20b65\", \"locale\": 1, \"title\": \"My Page\", \"draft_title\": \"My Page\", \"slug\": \"my-page\", \"content_type\": 38, \"live\": true, \"has_unpublished_changes\": false, \"url_path\": \"/my-blog/my-page/\", \"owner\": 1, \"seo_title\": \"\", \"show_in_menus\": false, \"search_description\": \"\", \"go_live_at\": null, \"expire_at\": null, \"expired\": false, \"locked\": false, \"locked_at\": null, \"locked_by\": null, \"first_published_at\": \"2021-10-31T20:04:33.254Z\", \"last_published_at\": \"2021-10-31T20:04:33.254Z\", \"latest_revision_created_at\": \"2021-10-31T20:04:33.238Z\", \"live_revision\": 3, \"alias_of\": null, \"intro\": \"intro!\", \"body\": \"[{\\\"type\\\": \\\"rich_text\\\", \\\"value\\\": \\\"<p data-block-key=\\\\\\\"9fcjj\\\\\\\">Hello!!!</p>\\\", \\\"id\\\": \\\"12603435-c9e7-4f37-b1a1-7905e8080606\\\"}, {\\\"type\\\": \\\"image\\\", \\\"value\\\": 1, \\\"id\\\": \\\"07f6789a-e878-4b1d-a83b-fceec203431f\\\"}]\", \"wagtail_admin_comments\": []}", "approved_go_live_at": null}}, {"model": "wagtailcore.pagerevision", "pk": 13, "fields": {"page": 3, "submitted_for_moderation": false, "created_at": "2022-01-15T22:12:39.752Z", "user": 1, "content_json": "{\"pk\": 3, \"path\": \"000100020001\", \"depth\": 3, \"numchild\": 0, \"translation_key\": \"bbdb4d0f-f109-4ae4-946b-080f1da20b65\", \"locale\": 1, \"title\": \"My Page\", \"draft_title\": \"My Page\", \"slug\": \"my-page\", \"content_type\": 38, \"live\": true, \"has_unpublished_changes\": true, \"url_path\": \"/my-blog/my-page/\", \"owner\": 1, \"seo_title\": \"\", \"show_in_menus\": false, \"search_description\": \"\", \"go_live_at\": null, \"expire_at\": null, \"expired\": false, \"locked\": false, \"locked_at\": null, \"locked_by\": null, \"first_published_at\": \"2021-10-31T20:04:33.254Z\", \"last_published_at\": \"2021-10-31T20:04:33.254Z\", \"latest_revision_created_at\": \"2022-01-15T22:06:20.077Z\", \"live_revision\": 3, \"alias_of\": null, \"intro\": \"intro!!\", \"body\": \"[{\\\"type\\\": \\\"rich_text\\\", \\\"value\\\": \\\"<p data-block-key=\\\\\\\"9fcjj\\\\\\\">Hello!!!</p>\\\", \\\"id\\\": \\\"12603435-c9e7-4f37-b1a1-7905e8080606\\\"}, {\\\"type\\\": \\\"image\\\", \\\"value\\\": 1, \\\"id\\\": \\\"07f6789a-e878-4b1d-a83b-fceec203431f\\\"}]\", \"wagtail_admin_comments\": []}", "approved_go_live_at": null}}, {"model": "wagtailcore.pagerevision", "pk": 14, "fields": {"page": 3, "submitted_for_moderation": false, "created_at": "2022-01-15T22:13:57.975Z", "user": 1, "content_json": "{\"pk\": 3, \"path\": \"000100020001\", \"depth\": 3, \"numchild\": 0, \"translation_key\": \"bbdb4d0f-f109-4ae4-946b-080f1da20b65\", \"locale\": 1, \"title\": \"My Page\", \"draft_title\": \"My Page\", \"slug\": \"my-page\", \"content_type\": 38, \"live\": true, \"has_unpublished_changes\": true, \"url_path\": \"/my-blog/my-page/\", \"owner\": 1, \"seo_title\": \"\", \"show_in_menus\": false, \"search_description\": \"\", \"go_live_at\": null, \"expire_at\": null, \"expired\": false, \"locked\": false, \"locked_at\": null, \"locked_by\": null, \"first_published_at\": \"2021-10-31T20:04:33.254Z\", \"last_published_at\": \"2021-10-31T20:04:33.254Z\", \"latest_revision_created_at\": \"2022-01-15T22:12:39.752Z\", \"live_revision\": 3, \"alias_of\": null, \"intro\": \"intro\", \"body\": \"[{\\\"type\\\": \\\"rich_text\\\", \\\"value\\\": \\\"<p data-block-key=\\\\\\\"9fcjj\\\\\\\">Hello!!!</p>\\\", \\\"id\\\": \\\"12603435-c9e7-4f37-b1a1-7905e8080606\\\"}, {\\\"type\\\": \\\"image\\\", \\\"value\\\": 1, \\\"id\\\": \\\"07f6789a-e878-4b1d-a83b-fceec203431f\\\"}]\", \"wagtail_admin_comments\": []}", "approved_go_live_at": null}}, {"model": "wagtailcore.pagerevision", "pk": 15, "fields": {"page": 4, "submitted_for_moderation": false, "created_at": "2022-01-16T16:13:26.989Z", "user": 1, "content_json": "{\"pk\": 4, \"path\": \"00010002\", \"depth\": 2, \"numchild\": 1, \"translation_key\": \"29719520-9a8c-4ab8-85ea-cc94c92ac4d7\", \"locale\": 1, \"title\": \"My Blog!!\", \"draft_title\": \"My Blog!!\", \"slug\": \"my-blog\", \"content_type\": 37, \"live\": true, \"has_unpublished_changes\": true, \"url_path\": \"/my-blog/\", \"owner\": 1, \"seo_title\": \"\", \"show_in_menus\": false, \"search_description\": \"\", \"go_live_at\": null, \"expire_at\": null, \"expired\": false, \"locked\": false, \"locked_at\": null, \"locked_by\": null, \"first_published_at\": \"2021-12-18T21:41:27.589Z\", \"last_published_at\": \"2021-12-18T21:46:45.808Z\", \"latest_revision_created_at\": \"2021-12-27T02:06:00.319Z\", \"live_revision\": 7, \"alias_of\": null, \"intro\": \"<p data-block-key=\\\"ltq6o\\\">THis is the intro!!!!</p>\", \"wagtail_admin_comments\": []}", "approved_go_live_at": null}}, {"model": "wagtailcore.pagerevision", "pk": 16, "fields": {"page": 4, "submitted_for_moderation": false, "created_at": "2022-01-16T16:13:33.738Z", "user": 1, "content_json": "{\"pk\": 4, \"path\": \"00010002\", \"depth\": 2, \"numchild\": 1, \"translation_key\": \"29719520-9a8c-4ab8-85ea-cc94c92ac4d7\", \"locale\": 1, \"title\": \"My Blog!!\", \"draft_title\": \"My Blog!!\", \"slug\": \"my-blog\", \"content_type\": 37, \"live\": true, \"has_unpublished_changes\": true, \"url_path\": \"/my-blog/\", \"owner\": 1, \"seo_title\": \"\", \"show_in_menus\": false, \"search_description\": \"\", \"go_live_at\": null, \"expire_at\": null, \"expired\": false, \"locked\": false, \"locked_at\": null, \"locked_by\": null, \"first_published_at\": \"2021-12-18T21:41:27.589Z\", \"last_published_at\": \"2021-12-18T21:46:45.808Z\", \"latest_revision_created_at\": \"2022-01-16T16:13:26.989Z\", \"live_revision\": 7, \"alias_of\": null, \"intro\": \"<p data-block-key=\\\"ltq6o\\\">THis is the intro!!!!</p>\", \"wagtail_admin_comments\": []}", "approved_go_live_at": null}}, {"model": "wagtailcore.pagerevision", "pk": 17, "fields": {"page": 4, "submitted_for_moderation": false, "created_at": "2022-01-16T16:16:59.668Z", "user": 1, "content_json": "{\"pk\": 4, \"path\": \"00010002\", \"depth\": 2, \"numchild\": 1, \"translation_key\": \"29719520-9a8c-4ab8-85ea-cc94c92ac4d7\", \"locale\": 1, \"title\": \"My Blog!\", \"draft_title\": \"My Blog!!\", \"slug\": \"my-blog\", \"content_type\": 37, \"live\": true, \"has_unpublished_changes\": false, \"url_path\": \"/my-blog/\", \"owner\": 1, \"seo_title\": \"\", \"show_in_menus\": false, \"search_description\": \"\", \"go_live_at\": null, \"expire_at\": null, \"expired\": false, \"locked\": false, \"locked_at\": null, \"locked_by\": null, \"first_published_at\": \"2021-12-18T21:41:27.589Z\", \"last_published_at\": \"2022-01-16T16:13:33.762Z\", \"latest_revision_created_at\": \"2022-01-16T16:13:33.738Z\", \"live_revision\": 16, \"alias_of\": null, \"intro\": \"<p data-block-key=\\\"ltq6o\\\">THis is the intro!!!!</p>\", \"wagtail_admin_comments\": []}", "approved_go_live_at": null}}, {"model": "wagtailcore.pagerevision", "pk": 18, "fields": {"page": 4, "submitted_for_moderation": false, "created_at": "2022-01-16T16:17:05.646Z", "user": 1, "content_json": "{\"pk\": 4, \"path\": \"00010002\", \"depth\": 2, \"numchild\": 1, \"translation_key\": \"29719520-9a8c-4ab8-85ea-cc94c92ac4d7\", \"locale\": 1, \"title\": \"My Blog!\", \"draft_title\": \"My Blog!\", \"slug\": \"my-blog\", \"content_type\": 37, \"live\": true, \"has_unpublished_changes\": true, \"url_path\": \"/my-blog/\", \"owner\": 1, \"seo_title\": \"\", \"show_in_menus\": false, \"search_description\": \"\", \"go_live_at\": null, \"expire_at\": null, \"expired\": false, \"locked\": false, \"locked_at\": null, \"locked_by\": null, \"first_published_at\": \"2021-12-18T21:41:27.589Z\", \"last_published_at\": \"2022-01-16T16:13:33.762Z\", \"latest_revision_created_at\": \"2022-01-16T16:16:59.668Z\", \"live_revision\": 16, \"alias_of\": null, \"intro\": \"<p data-block-key=\\\"ltq6o\\\">THis is the intro!!!!</p>\", \"wagtail_admin_comments\": []}", "approved_go_live_at": null}}, {"model": "wagtailcore.pagerevision", "pk": 19, "fields": {"page": 4, "submitted_for_moderation": false, "created_at": "2022-01-16T16:36:04.560Z", "user": 1, "content_json": "{\"pk\": 4, \"path\": \"00010002\", \"depth\": 2, \"numchild\": 1, \"translation_key\": \"29719520-9a8c-4ab8-85ea-cc94c92ac4d7\", \"locale\": 1, \"title\": \"My Blog!!!!\", \"draft_title\": \"My Blog!\", \"slug\": \"my-blog\", \"content_type\": 37, \"live\": true, \"has_unpublished_changes\": false, \"url_path\": \"/my-blog/\", \"owner\": 1, \"seo_title\": \"\", \"show_in_menus\": false, \"search_description\": \"\", \"go_live_at\": null, \"expire_at\": null, \"expired\": false, \"locked\": false, \"locked_at\": null, \"locked_by\": null, \"first_published_at\": \"2021-12-18T21:41:27.589Z\", \"last_published_at\": \"2022-01-16T16:17:05.673Z\", \"latest_revision_created_at\": \"2022-01-16T16:17:05.646Z\", \"live_revision\": 18, \"alias_of\": null, \"intro\": \"<p data-block-key=\\\"ltq6o\\\">THis is the intro!!!!</p>\", \"wagtail_admin_comments\": []}", "approved_go_live_at": null}}, {"model": "wagtailcore.pagerevision", "pk": 20, "fields": {"page": 4, "submitted_for_moderation": false, "created_at": "2022-01-16T16:43:12.009Z", "user": 1, "content_json": "{\"pk\": 4, \"path\": \"00010002\", \"depth\": 2, \"numchild\": 1, \"translation_key\": \"29719520-9a8c-4ab8-85ea-cc94c92ac4d7\", \"locale\": 1, \"title\": \"My Blog!!!!!\", \"draft_title\": \"My Blog!!!!\", \"slug\": \"my-blog\", \"content_type\": 37, \"live\": true, \"has_unpublished_changes\": true, \"url_path\": \"/my-blog/\", \"owner\": 1, \"seo_title\": \"\", \"show_in_menus\": false, \"search_description\": \"\", \"go_live_at\": null, \"expire_at\": null, \"expired\": false, \"locked\": false, \"locked_at\": null, \"locked_by\": null, \"first_published_at\": \"2021-12-18T21:41:27.589Z\", \"last_published_at\": \"2022-01-16T16:17:05.673Z\", \"latest_revision_created_at\": \"2022-01-16T16:36:04.560Z\", \"live_revision\": 18, \"alias_of\": null, \"intro\": \"<p data-block-key=\\\"ltq6o\\\">THis is the intro!!!!</p>\", \"wagtail_admin_comments\": []}", "approved_go_live_at": null}}, {"model": "wagtailcore.pagerevision", "pk": 21, "fields": {"page": 4, "submitted_for_moderation": false, "created_at": "2022-01-16T18:13:34.237Z", "user": 1, "content_json": "{\"pk\": 4, \"path\": \"00010002\", \"depth\": 2, \"numchild\": 1, \"translation_key\": \"29719520-9a8c-4ab8-85ea-cc94c92ac4d7\", \"locale\": 1, \"title\": \"My Blog!!!\", \"draft_title\": \"My Blog!!!!!\", \"slug\": \"my-blog\", \"content_type\": 37, \"live\": true, \"has_unpublished_changes\": true, \"url_path\": \"/my-blog/\", \"owner\": 1, \"seo_title\": \"\", \"show_in_menus\": false, \"search_description\": \"\", \"go_live_at\": null, \"expire_at\": null, \"expired\": false, \"locked\": false, \"locked_at\": null, \"locked_by\": null, \"first_published_at\": \"2021-12-18T21:41:27.589Z\", \"last_published_at\": \"2022-01-16T16:17:05.673Z\", \"latest_revision_created_at\": \"2022-01-16T16:43:12.009Z\", \"live_revision\": 18, \"alias_of\": null, \"intro\": \"<p data-block-key=\\\"ltq6o\\\">THis is the intro!!!!</p>\", \"wagtail_admin_comments\": []}", "approved_go_live_at": null}}, {"model": "wagtailcore.pagerevision", "pk": 22, "fields": {"page": 4, "submitted_for_moderation": false, "created_at": "2022-01-16T18:14:01.397Z", "user": 1, "content_json": "{\"pk\": 4, \"path\": \"00010002\", \"depth\": 2, \"numchild\": 1, \"translation_key\": \"29719520-9a8c-4ab8-85ea-cc94c92ac4d7\", \"locale\": 1, \"title\": \"My Blog!!\", \"draft_title\": \"My Blog!!!\", \"slug\": \"my-blog\", \"content_type\": 37, \"live\": true, \"has_unpublished_changes\": true, \"url_path\": \"/my-blog/\", \"owner\": 1, \"seo_title\": \"\", \"show_in_menus\": false, \"search_description\": \"\", \"go_live_at\": null, \"expire_at\": null, \"expired\": false, \"locked\": false, \"locked_at\": null, \"locked_by\": null, \"first_published_at\": \"2021-12-18T21:41:27.589Z\", \"last_published_at\": \"2022-01-16T16:17:05.673Z\", \"latest_revision_created_at\": \"2022-01-16T18:13:34.237Z\", \"live_revision\": 18, \"alias_of\": null, \"intro\": \"<p data-block-key=\\\"ltq6o\\\">THis is the intro!!!!</p>\", \"wagtail_admin_comments\": []}", "approved_go_live_at": null}}, {"model": "wagtailcore.pagerevision", "pk": 23, "fields": {"page": 4, "submitted_for_moderation": false, "created_at": "2022-01-16T18:14:08.411Z", "user": 1, "content_json": "{\"pk\": 4, \"path\": \"00010002\", \"depth\": 2, \"numchild\": 1, \"translation_key\": \"29719520-9a8c-4ab8-85ea-cc94c92ac4d7\", \"locale\": 1, \"title\": \"My Blog!!\", \"draft_title\": \"My Blog!!\", \"slug\": \"my-blog\", \"content_type\": 37, \"live\": true, \"has_unpublished_changes\": true, \"url_path\": \"/my-blog/\", \"owner\": 1, \"seo_title\": \"\", \"show_in_menus\": false, \"search_description\": \"\", \"go_live_at\": null, \"expire_at\": null, \"expired\": false, \"locked\": false, \"locked_at\": null, \"locked_by\": null, \"first_published_at\": \"2021-12-18T21:41:27.589Z\", \"last_published_at\": \"2022-01-16T16:17:05.673Z\", \"latest_revision_created_at\": \"2022-01-16T18:14:01.397Z\", \"live_revision\": 18, \"alias_of\": null, \"intro\": \"<p data-block-key=\\\"ltq6o\\\">THis is the intro!!!!</p>\", \"wagtail_admin_comments\": []}", "approved_go_live_at": null}}, {"model": "wagtailcore.pagerevision", "pk": 24, "fields": {"page": 4, "submitted_for_moderation": false, "created_at": "2022-01-16T18:17:30.436Z", "user": 1, "content_json": "{\"pk\": 4, \"path\": \"00010002\", \"depth\": 2, \"numchild\": 1, \"translation_key\": \"29719520-9a8c-4ab8-85ea-cc94c92ac4d7\", \"locale\": 1, \"title\": \"My Blog!!\", \"draft_title\": \"My Blog!!\", \"slug\": \"my-blog\", \"content_type\": 37, \"live\": true, \"has_unpublished_changes\": false, \"url_path\": \"/my-blog/\", \"owner\": 1, \"seo_title\": \"\", \"show_in_menus\": false, \"search_description\": \"\", \"go_live_at\": null, \"expire_at\": null, \"expired\": false, \"locked\": false, \"locked_at\": null, \"locked_by\": null, \"first_published_at\": \"2021-12-18T21:41:27.589Z\", \"last_published_at\": \"2022-01-16T18:14:08.433Z\", \"latest_revision_created_at\": \"2022-01-16T18:14:08.411Z\", \"live_revision\": 23, \"alias_of\": null, \"intro\": \"<p data-block-key=\\\"ltq6o\\\">THis is the intro!!!</p>\", \"wagtail_admin_comments\": []}", "approved_go_live_at": null}}, {"model": "wagtailcore.pagerevision", "pk": 25, "fields": {"page": 4, "submitted_for_moderation": false, "created_at": "2022-01-16T18:25:59.275Z", "user": 1, "content_json": "{\"pk\": 4, \"path\": \"00010002\", \"depth\": 2, \"numchild\": 1, \"translation_key\": \"29719520-9a8c-4ab8-85ea-cc94c92ac4d7\", \"locale\": 1, \"title\": \"My Blog!!!\", \"draft_title\": \"My Blog!!\", \"slug\": \"my-blog\", \"content_type\": 37, \"live\": true, \"has_unpublished_changes\": true, \"url_path\": \"/my-blog/\", \"owner\": 1, \"seo_title\": \"\", \"show_in_menus\": false, \"search_description\": \"\", \"go_live_at\": null, \"expire_at\": null, \"expired\": false, \"locked\": false, \"locked_at\": null, \"locked_by\": null, \"first_published_at\": \"2021-12-18T21:41:27.589Z\", \"last_published_at\": \"2022-01-16T18:14:08.433Z\", \"latest_revision_created_at\": \"2022-01-16T18:17:30.436Z\", \"live_revision\": 23, \"alias_of\": null, \"intro\": \"<p data-block-key=\\\"ltq6o\\\">THis is the intro!!!</p>\", \"wagtail_admin_comments\": []}", "approved_go_live_at": null}}, {"model": "wagtailcore.pagerevision", "pk": 26, "fields": {"page": 4, "submitted_for_moderation": false, "created_at": "2022-01-16T18:29:51.599Z", "user": 1, "content_json": "{\"pk\": 4, \"path\": \"00010002\", \"depth\": 2, \"numchild\": 1, \"translation_key\": \"29719520-9a8c-4ab8-85ea-cc94c92ac4d7\", \"locale\": 1, \"title\": \"My Blog!!!\", \"draft_title\": \"My Blog!!!\", \"slug\": \"my-blog\", \"content_type\": 37, \"live\": true, \"has_unpublished_changes\": true, \"url_path\": \"/my-blog/\", \"owner\": 1, \"seo_title\": \"\", \"show_in_menus\": false, \"search_description\": \"\", \"go_live_at\": null, \"expire_at\": null, \"expired\": false, \"locked\": false, \"locked_at\": null, \"locked_by\": null, \"first_published_at\": \"2021-12-18T21:41:27.589Z\", \"last_published_at\": \"2022-01-16T18:14:08.433Z\", \"latest_revision_created_at\": \"2022-01-16T18:25:59.275Z\", \"live_revision\": 23, \"alias_of\": null, \"intro\": \"<p data-block-key=\\\"ltq6o\\\">THis is the intro!!!</p>\", \"wagtail_admin_comments\": []}", "approved_go_live_at": null}}, {"model": "wagtailcore.pagerevision", "pk": 27, "fields": {"page": 4, "submitted_for_moderation": false, "created_at": "2022-01-16T18:40:50.913Z", "user": 1, "content_json": "{\"pk\": 4, \"path\": \"00010002\", \"depth\": 2, \"numchild\": 1, \"translation_key\": \"29719520-9a8c-4ab8-85ea-cc94c92ac4d7\", \"locale\": 1, \"title\": \"My Blog!!\", \"draft_title\": \"My Blog!!!\", \"slug\": \"my-blog\", \"content_type\": 37, \"live\": true, \"has_unpublished_changes\": false, \"url_path\": \"/my-blog/\", \"owner\": 1, \"seo_title\": \"\", \"show_in_menus\": false, \"search_description\": \"\", \"go_live_at\": null, \"expire_at\": null, \"expired\": false, \"locked\": false, \"locked_at\": null, \"locked_by\": null, \"first_published_at\": \"2021-12-18T21:41:27.589Z\", \"last_published_at\": \"2022-01-16T18:29:51.626Z\", \"latest_revision_created_at\": \"2022-01-16T18:29:51.599Z\", \"live_revision\": 26, \"alias_of\": null, \"intro\": \"<p data-block-key=\\\"ltq6o\\\">THis is the intro!!!</p>\", \"wagtail_admin_comments\": []}", "approved_go_live_at": null}}, {"model": "wagtailcore.pagerevision", "pk": 28, "fields": {"page": 4, "submitted_for_moderation": false, "created_at": "2022-01-16T18:41:07.394Z", "user": 1, "content_json": "{\"pk\": 4, \"path\": \"00010002\", \"depth\": 2, \"numchild\": 1, \"translation_key\": \"29719520-9a8c-4ab8-85ea-cc94c92ac4d7\", \"locale\": 1, \"title\": \"My Blog!!\", \"draft_title\": \"My Blog!!\", \"slug\": \"my-blog\", \"content_type\": 37, \"live\": true, \"has_unpublished_changes\": true, \"url_path\": \"/my-blog/\", \"owner\": 1, \"seo_title\": \"\", \"show_in_menus\": false, \"search_description\": \"\", \"go_live_at\": null, \"expire_at\": null, \"expired\": false, \"locked\": false, \"locked_at\": null, \"locked_by\": null, \"first_published_at\": \"2021-12-18T21:41:27.589Z\", \"last_published_at\": \"2022-01-16T18:29:51.626Z\", \"latest_revision_created_at\": \"2022-01-16T18:40:50.913Z\", \"live_revision\": 26, \"alias_of\": null, \"intro\": \"<p data-block-key=\\\"ltq6o\\\">THis is the intro!!!</p>\", \"wagtail_admin_comments\": []}", "approved_go_live_at": null}}, {"model": "wagtailcore.pagerevision", "pk": 29, "fields": {"page": 4, "submitted_for_moderation": false, "created_at": "2022-01-16T18:47:13.978Z", "user": 1, "content_json": "{\"pk\": 4, \"path\": \"00010002\", \"depth\": 2, \"numchild\": 1, \"translation_key\": \"29719520-9a8c-4ab8-85ea-cc94c92ac4d7\", \"locale\": 1, \"title\": \"My Blog!!!\", \"draft_title\": \"My Blog!!\", \"slug\": \"my-blog\", \"content_type\": 37, \"live\": true, \"has_unpublished_changes\": true, \"url_path\": \"/my-blog/\", \"owner\": 1, \"seo_title\": \"\", \"show_in_menus\": false, \"search_description\": \"\", \"go_live_at\": null, \"expire_at\": null, \"expired\": false, \"locked\": false, \"locked_at\": null, \"locked_by\": null, \"first_published_at\": \"2021-12-18T21:41:27.589Z\", \"last_published_at\": \"2022-01-16T18:29:51.626Z\", \"latest_revision_created_at\": \"2022-01-16T18:41:07.394Z\", \"live_revision\": 26, \"alias_of\": null, \"intro\": \"<p data-block-key=\\\"ltq6o\\\">THis is the intro!!!</p>\", \"wagtail_admin_comments\": []}", "approved_go_live_at": null}}, {"model": "wagtailcore.pagerevision", "pk": 30, "fields": {"page": 4, "submitted_for_moderation": false, "created_at": "2022-01-16T18:53:56.351Z", "user": 1, "content_json": "{\"pk\": 4, \"path\": \"00010002\", \"depth\": 2, \"numchild\": 1, \"translation_key\": \"29719520-9a8c-4ab8-85ea-cc94c92ac4d7\", \"locale\": 1, \"title\": \"My Blog!!\", \"draft_title\": \"My Blog!!!\", \"slug\": \"my-blog\", \"content_type\": 37, \"live\": true, \"has_unpublished_changes\": true, \"url_path\": \"/my-blog/\", \"owner\": 1, \"seo_title\": \"\", \"show_in_menus\": false, \"search_description\": \"\", \"go_live_at\": null, \"expire_at\": null, \"expired\": false, \"locked\": false, \"locked_at\": null, \"locked_by\": null, \"first_published_at\": \"2021-12-18T21:41:27.589Z\", \"last_published_at\": \"2022-01-16T18:29:51.626Z\", \"latest_revision_created_at\": \"2022-01-16T18:47:13.978Z\", \"live_revision\": 26, \"alias_of\": null, \"intro\": \"<p data-block-key=\\\"ltq6o\\\">THis is the intro!!!</p>\", \"wagtail_admin_comments\": []}", "approved_go_live_at": null}}, {"model": "wagtailcore.grouppagepermission", "pk": 1, "fields": {"group": 1, "page": 1, "permission_type": "add"}}, {"model": "wagtailcore.grouppagepermission", "pk": 2, "fields": {"group": 1, "page": 1, "permission_type": "edit"}}, {"model": "wagtailcore.grouppagepermission", "pk": 3, "fields": {"group": 1, "page": 1, "permission_type": "publish"}}, {"model": "wagtailcore.grouppagepermission", "pk": 4, "fields": {"group": 2, "page": 1, "permission_type": "add"}}, {"model": "wagtailcore.grouppagepermission", "pk": 5, "fields": {"group": 2, "page": 1, "permission_type": "edit"}}, {"model": "wagtailcore.grouppagepermission", "pk": 6, "fields": {"group": 1, "page": 1, "permission_type": "lock"}}, {"model": "wagtailcore.grouppagepermission", "pk": 7, "fields": {"group": 1, "page": 1, "permission_type": "unlock"}}, {"model": "wagtailcore.workflowpage", "pk": 1, "fields": {"workflow": 1}}, {"model": "wagtailcore.workflowtask", "pk": 1, "fields": {"sort_order": 0, "workflow": 1, "task": 1}}, {"model": "wagtailcore.task", "pk": 1, "fields": {"name": "Moderators approval", "content_type": 2, "active": true}}, {"model": "wagtailcore.workflow", "pk": 1, "fields": {"name": "Moderators approval", "active": true}}, {"model": "wagtailcore.groupapprovaltask", "pk": 1, "fields": {"groups": [1]}}, {"model": "wagtailcore.pagelogentry", "pk": 1, "fields": {"content_type": 38, "label": "My Page", "action": "wagtail.create", "data_json": "\"\"", "timestamp": "2021-10-31T20:04:05.220Z", "uuid": null, "user": 1, "content_changed": true, "deleted": false, "page": 3, "revision": null}}, {"model": "wagtailcore.pagelogentry", "pk": 2, "fields": {"content_type": 38, "label": "My Page", "action": "wagtail.edit", "data_json": "\"\"", "timestamp": "2021-10-31T20:04:25.892Z", "uuid": null, "user": 1, "content_changed": true, "deleted": false, "page": 3, "revision": 2}}, {"model": "wagtailcore.pagelogentry", "pk": 3, "fields": {"content_type": 38, "label": "My Page", "action": "wagtail.edit", "data_json": "\"\"", "timestamp": "2021-10-31T20:04:33.248Z", "uuid": null, "user": 1, "content_changed": true, "deleted": false, "page": 3, "revision": 3}}, {"model": "wagtailcore.pagelogentry", "pk": 4, "fields": {"content_type": 38, "label": "My Page", "action": "wagtail.publish", "data_json": "null", "timestamp": "2021-10-31T20:04:33.272Z", "uuid": null, "user": 1, "content_changed": false, "deleted": false, "page": 3, "revision": 3}}, {"model": "wagtailcore.pagelogentry", "pk": 5, "fields": {"content_type": 38, "label": "My Page", "action": "wagtail.move", "data_json": "{\"source\": {\"id\": 1, \"title\": \"Root\"}, \"destination\": {\"id\": 2, \"title\": \"Welcome to your new Wagtail site!\"}}", "timestamp": "2021-10-31T20:04:44.608Z", "uuid": null, "user": 1, "content_changed": false, "deleted": false, "page": 3, "revision": null}}, {"model": "wagtailcore.pagelogentry", "pk": 6, "fields": {"content_type": 37, "label": "My Blog!!", "action": "wagtail.create", "data_json": "\"\"", "timestamp": "2021-12-18T21:41:23.735Z", "uuid": null, "user": 1, "content_changed": true, "deleted": false, "page": 4, "revision": null}}, {"model": "wagtailcore.pagelogentry", "pk": 7, "fields": {"content_type": 37, "label": "My Blog!!", "action": "wagtail.edit", "data_json": "\"\"", "timestamp": "2021-12-18T21:41:27.582Z", "uuid": null, "user": 1, "content_changed": true, "deleted": false, "page": 4, "revision": 5}}, {"model": "wagtailcore.pagelogentry", "pk": 8, "fields": {"content_type": 37, "label": "My Blog!!", "action": "wagtail.publish", "data_json": "null", "timestamp": "2021-12-18T21:41:27.638Z", "uuid": null, "user": 1, "content_changed": false, "deleted": false, "page": 4, "revision": 5}}, {"model": "wagtailcore.pagelogentry", "pk": 9, "fields": {"content_type": 38, "label": "My Page", "action": "wagtail.move", "data_json": "{\"source\": {\"id\": 2, \"title\": \"Welcome to your new Wagtail site!\"}, \"destination\": {\"id\": 4, \"title\": \"My Blog!!\"}}", "timestamp": "2021-12-18T21:41:48.640Z", "uuid": null, "user": 1, "content_changed": false, "deleted": false, "page": 3, "revision": null}}, {"model": "wagtailcore.pagelogentry", "pk": 10, "fields": {"content_type": 37, "label": "My Blog!!", "action": "wagtail.edit", "data_json": "\"\"", "timestamp": "2021-12-18T21:46:43.280Z", "uuid": null, "user": 1, "content_changed": true, "deleted": false, "page": 4, "revision": 6}}, {"model": "wagtailcore.pagelogentry", "pk": 11, "fields": {"content_type": 37, "label": "My Blog!!", "action": "wagtail.edit", "data_json": "\"\"", "timestamp": "2021-12-18T21:46:45.801Z", "uuid": null, "user": 1, "content_changed": true, "deleted": false, "page": 4, "revision": 7}}, {"model": "wagtailcore.pagelogentry", "pk": 12, "fields": {"content_type": 37, "label": "My Blog!!", "action": "wagtail.publish", "data_json": "null", "timestamp": "2021-12-18T21:46:45.825Z", "uuid": null, "user": 1, "content_changed": false, "deleted": false, "page": 4, "revision": 7}}, {"model": "wagtailcore.pagelogentry", "pk": 13, "fields": {"content_type": 37, "label": "My Blog!!", "action": "wagtail.edit", "data_json": "\"\"", "timestamp": "2021-12-27T02:01:41.901Z", "uuid": "644e5a1c-e9dd-411d-9b09-fa425561efb1", "user": 1, "content_changed": true, "deleted": false, "page": 4, "revision": 8}}, {"model": "wagtailcore.pagelogentry", "pk": 14, "fields": {"content_type": 37, "label": "My Blog!!", "action": "wagtail.edit", "data_json": "\"\"", "timestamp": "2021-12-27T02:01:52.277Z", "uuid": "607594cb-6671-433b-b23d-2b01014d8109", "user": 1, "content_changed": true, "deleted": false, "page": 4, "revision": 9}}, {"model": "wagtailcore.pagelogentry", "pk": 15, "fields": {"content_type": 37, "label": "My Blog!!", "action": "wagtail.edit", "data_json": "\"\"", "timestamp": "2021-12-27T02:05:29.492Z", "uuid": "2c6d0808-416c-47c2-a492-a24cebcd5daa", "user": 1, "content_changed": true, "deleted": false, "page": 4, "revision": 10}}, {"model": "wagtailcore.pagelogentry", "pk": 16, "fields": {"content_type": 37, "label": "My Blog!!", "action": "wagtail.edit", "data_json": "\"\"", "timestamp": "2021-12-27T02:06:00.333Z", "uuid": "a3053f4f-ed93-4a30-a083-478d2e37ef0a", "user": 1, "content_changed": true, "deleted": false, "page": 4, "revision": 11}}, {"model": "wagtailcore.pagelogentry", "pk": 17, "fields": {"content_type": 38, "label": "My Page", "action": "wagtail.edit", "data_json": "\"\"", "timestamp": "2022-01-15T22:06:20.090Z", "uuid": "b1d6d47f-f145-4a2c-9729-cd553e947c9d", "user": 1, "content_changed": true, "deleted": false, "page": 3, "revision": 12}}, {"model": "wagtailcore.pagelogentry", "pk": 18, "fields": {"content_type": 38, "label": "My Page", "action": "wagtail.edit", "data_json": "\"\"", "timestamp": "2022-01-15T22:12:39.761Z", "uuid": "3054f2d1-9a33-4080-af5d-c3930bdf3261", "user": 1, "content_changed": true, "deleted": false, "page": 3, "revision": 13}}, {"model": "wagtailcore.pagelogentry", "pk": 19, "fields": {"content_type": 38, "label": "My Page", "action": "wagtail.edit", "data_json": "\"\"", "timestamp": "2022-01-15T22:13:57.989Z", "uuid": "2dd5d6b2-95ba-4986-93ec-ffd6a202688c", "user": 1, "content_changed": true, "deleted": false, "page": 3, "revision": 14}}, {"model": "wagtailcore.pagelogentry", "pk": 20, "fields": {"content_type": 37, "label": "My Blog!!", "action": "wagtail.edit", "data_json": "\"\"", "timestamp": "2022-01-16T16:13:27.000Z", "uuid": "e83043f7-a9f2-4112-ae5c-11056f02148c", "user": 1, "content_changed": true, "deleted": false, "page": 4, "revision": 15}}, {"model": "wagtailcore.pagelogentry", "pk": 21, "fields": {"content_type": 37, "label": "My Blog!!", "action": "wagtail.edit", "data_json": "\"\"", "timestamp": "2022-01-16T16:13:33.750Z", "uuid": "f81fab0f-dd90-4487-b5e6-96a3e046453c", "user": 1, "content_changed": true, "deleted": false, "page": 4, "revision": 16}}, {"model": "wagtailcore.pagelogentry", "pk": 22, "fields": {"content_type": 37, "label": "My Blog!!", "action": "wagtail.publish", "data_json": "null", "timestamp": "2022-01-16T16:13:33.784Z", "uuid": "f81fab0f-dd90-4487-b5e6-96a3e046453c", "user": 1, "content_changed": false, "deleted": false, "page": 4, "revision": 16}}, {"model": "wagtailcore.pagelogentry", "pk": 23, "fields": {"content_type": 37, "label": "My Blog!", "action": "wagtail.edit", "data_json": "\"\"", "timestamp": "2022-01-16T16:16:59.675Z", "uuid": "378e339d-b4e5-457d-b7a9-e402cb866db0", "user": 1, "content_changed": true, "deleted": false, "page": 4, "revision": 17}}, {"model": "wagtailcore.pagelogentry", "pk": 24, "fields": {"content_type": 37, "label": "My Blog!", "action": "wagtail.edit", "data_json": "\"\"", "timestamp": "2022-01-16T16:17:05.657Z", "uuid": "19fcd037-4b98-425b-ae44-22c3cc9700ca", "user": 1, "content_changed": true, "deleted": false, "page": 4, "revision": 18}}, {"model": "wagtailcore.pagelogentry", "pk": 25, "fields": {"content_type": 37, "label": "My Blog!", "action": "wagtail.rename", "data_json": "{\"title\": {\"old\": \"My Blog!!\", \"new\": \"My Blog!\"}}", "timestamp": "2022-01-16T16:17:05.696Z", "uuid": "19fcd037-4b98-425b-ae44-22c3cc9700ca", "user": 1, "content_changed": false, "deleted": false, "page": 4, "revision": 18}}, {"model": "wagtailcore.pagelogentry", "pk": 26, "fields": {"content_type": 37, "label": "My Blog!", "action": "wagtail.publish", "data_json": "{\"title\": {\"old\": \"My Blog!!\", \"new\": \"My Blog!\"}}", "timestamp": "2022-01-16T16:17:05.701Z", "uuid": "19fcd037-4b98-425b-ae44-22c3cc9700ca", "user": 1, "content_changed": false, "deleted": false, "page": 4, "revision": 18}}, {"model": "wagtailcore.pagelogentry", "pk": 27, "fields": {"content_type": 37, "label": "My Blog!!!!", "action": "wagtail.edit", "data_json": "\"\"", "timestamp": "2022-01-16T16:36:04.574Z", "uuid": "0aa097ec-ece7-4952-b3a6-bd3f417165a5", "user": 1, "content_changed": true, "deleted": false, "page": 4, "revision": 19}}, {"model": "wagtailcore.pagelogentry", "pk": 28, "fields": {"content_type": 37, "label": "My Blog!!!!!", "action": "wagtail.edit", "data_json": "\"\"", "timestamp": "2022-01-16T16:43:12.022Z", "uuid": "aa0233a8-8931-4900-be75-920196a146fb", "user": 1, "content_changed": true, "deleted": false, "page": 4, "revision": 20}}, {"model": "wagtailcore.pagelogentry", "pk": 29, "fields": {"content_type": 37, "label": "My Blog!!!", "action": "wagtail.edit", "data_json": "\"\"", "timestamp": "2022-01-16T18:13:34.251Z", "uuid": "eb989f02-71cf-41d0-be9c-beb3f4628510", "user": 1, "content_changed": true, "deleted": false, "page": 4, "revision": 21}}, {"model": "wagtailcore.pagelogentry", "pk": 30, "fields": {"content_type": 37, "label": "My Blog!!", "action": "wagtail.edit", "data_json": "\"\"", "timestamp": "2022-01-16T18:14:01.405Z", "uuid": "0a7b162a-165c-40c2-923d-3c42f14b6501", "user": 1, "content_changed": true, "deleted": false, "page": 4, "revision": 22}}, {"model": "wagtailcore.pagelogentry", "pk": 31, "fields": {"content_type": 37, "label": "My Blog!!", "action": "wagtail.edit", "data_json": "\"\"", "timestamp": "2022-01-16T18:14:08.420Z", "uuid": "b25addd3-974f-43d2-a6f0-b7d55c78735f", "user": 1, "content_changed": true, "deleted": false, "page": 4, "revision": 23}}, {"model": "wagtailcore.pagelogentry", "pk": 32, "fields": {"content_type": 37, "label": "My Blog!!", "action": "wagtail.rename", "data_json": "{\"title\": {\"old\": \"My Blog!\", \"new\": \"My Blog!!\"}}", "timestamp": "2022-01-16T18:14:08.457Z", "uuid": "b25addd3-974f-43d2-a6f0-b7d55c78735f", "user": 1, "content_changed": false, "deleted": false, "page": 4, "revision": 23}}, {"model": "wagtailcore.pagelogentry", "pk": 33, "fields": {"content_type": 37, "label": "My Blog!!", "action": "wagtail.publish", "data_json": "{\"title\": {\"old\": \"My Blog!\", \"new\": \"My Blog!!\"}}", "timestamp": "2022-01-16T18:14:08.461Z", "uuid": "b25addd3-974f-43d2-a6f0-b7d55c78735f", "user": 1, "content_changed": false, "deleted": false, "page": 4, "revision": 23}}, {"model": "wagtailcore.pagelogentry", "pk": 34, "fields": {"content_type": 37, "label": "My Blog!!", "action": "wagtail.edit", "data_json": "\"\"", "timestamp": "2022-01-16T18:17:30.451Z", "uuid": "76248826-9476-4679-9275-9f086c9afc59", "user": 1, "content_changed": true, "deleted": false, "page": 4, "revision": 24}}, {"model": "wagtailcore.pagelogentry", "pk": 35, "fields": {"content_type": 37, "label": "My Blog!!!", "action": "wagtail.edit", "data_json": "\"\"", "timestamp": "2022-01-16T18:25:59.290Z", "uuid": "c79a0160-4b1f-446e-a960-c2e0d3a84aaf", "user": 1, "content_changed": true, "deleted": false, "page": 4, "revision": 25}}, {"model": "wagtailcore.pagelogentry", "pk": 36, "fields": {"content_type": 37, "label": "My Blog!!!", "action": "wagtail.edit", "data_json": "\"\"", "timestamp": "2022-01-16T18:29:51.608Z", "uuid": "4f247f5b-4e1f-4307-807d-4e7db4d3c30a", "user": 1, "content_changed": true, "deleted": false, "page": 4, "revision": 26}}, {"model": "wagtailcore.pagelogentry", "pk": 37, "fields": {"content_type": 37, "label": "My Blog!!!", "action": "wagtail.rename", "data_json": "{\"title\": {\"old\": \"My Blog!!\", \"new\": \"My Blog!!!\"}}", "timestamp": "2022-01-16T18:29:51.651Z", "uuid": "4f247f5b-4e1f-4307-807d-4e7db4d3c30a", "user": 1, "content_changed": false, "deleted": false, "page": 4, "revision": 26}}, {"model": "wagtailcore.pagelogentry", "pk": 38, "fields": {"content_type": 37, "label": "My Blog!!!", "action": "wagtail.publish", "data_json": "{\"title\": {\"old\": \"My Blog!!\", \"new\": \"My Blog!!!\"}}", "timestamp": "2022-01-16T18:29:51.656Z", "uuid": "4f247f5b-4e1f-4307-807d-4e7db4d3c30a", "user": 1, "content_changed": false, "deleted": false, "page": 4, "revision": 26}}, {"model": "wagtailcore.pagelogentry", "pk": 39, "fields": {"content_type": 37, "label": "My Blog!!", "action": "wagtail.edit", "data_json": "\"\"", "timestamp": "2022-01-16T18:40:50.925Z", "uuid": "935c5086-59ce-483e-b183-97d507ef9cf8", "user": 1, "content_changed": true, "deleted": false, "page": 4, "revision": 27}}, {"model": "wagtailcore.pagelogentry", "pk": 40, "fields": {"content_type": 37, "label": "My Blog!!", "action": "wagtail.edit", "data_json": "\"\"", "timestamp": "2022-01-16T18:41:07.407Z", "uuid": "fff1b493-3ca7-4a51-a2a3-b866bbe3bf8b", "user": 1, "content_changed": true, "deleted": false, "page": 4, "revision": 28}}, {"model": "wagtailcore.pagelogentry", "pk": 41, "fields": {"content_type": 37, "label": "My Blog!!!", "action": "wagtail.edit", "data_json": "\"\"", "timestamp": "2022-01-16T18:47:14.016Z", "uuid": "03e25f9b-711c-47cf-9e84-84e1154b0ac8", "user": 1, "content_changed": true, "deleted": false, "page": 4, "revision": 29}}, {"model": "wagtailcore.pagelogentry", "pk": 42, "fields": {"content_type": 37, "label": "My Blog!!", "action": "wagtail.edit", "data_json": "\"\"", "timestamp": "2022-01-16T18:53:56.362Z", "uuid": "45a5532a-bb7f-4de9-9084-4863e64c9727", "user": 1, "content_changed": true, "deleted": false, "page": 4, "revision": 30}}, {"model": "wagtailcore.pagelogentry", "pk": 43, "fields": {"content_type": 38, "label": "Upgradable leadingedge task-force", "action": "wagtail.create", "data_json": "\"\"", "timestamp": "2022-01-29T21:52:47.823Z", "uuid": null, "user": null, "content_changed": true, "deleted": false, "page": 5, "revision": null}}, {"model": "wagtailcore.pagelogentry", "pk": 44, "fields": {"content_type": 38, "label": "Ergonomic hybrid utilization", "action": "wagtail.create", "data_json": "\"\"", "timestamp": "2022-01-29T21:52:49.617Z", "uuid": null, "user": null, "content_changed": true, "deleted": false, "page": 6, "revision": null}}, {"model": "wagtailcore.pagelogentry", "pk": 45, "fields": {"content_type": 38, "label": "Sharable contextually-based moderator", "action": "wagtail.create", "data_json": "\"\"", "timestamp": "2022-01-29T21:52:52.199Z", "uuid": null, "user": null, "content_changed": true, "deleted": false, "page": 7, "revision": null}}, {"model": "wagtailcore.pagelogentry", "pk": 46, "fields": {"content_type": 1, "label": "Welcome to your new Wagtail site!", "action": "wagtail.delete", "data_json": "\"\"", "timestamp": "2022-01-30T20:08:09.297Z", "uuid": "6f0608b7-80a6-4538-9edb-491c97b8673e", "user": 1, "content_changed": false, "deleted": true, "page": 2, "revision": null}}, {"model": "wagtailcore.pagesubscription", "pk": 1, "fields": {"user": 1, "page": 4, "comment_notifications": false}}, {"model": "wagtailcore.pagesubscription", "pk": 2, "fields": {"user": 1, "page": 3, "comment_notifications": false}}, {"model": "slsblog_auth.user", "pk": 1, "fields": {"password": "pbkdf2_sha256$260000$bLR2ZiFwbsUpkkrgxgtdFV$U4UJ5pWhmemW0FGzF4NbnynB8GxSlc2NaZuXpxAKxO4=", "last_login": "2022-01-29T19:21:58.130Z", "is_superuser": true, "username": "stevenlsjr@gmail.com", "first_name": "", "last_name": "", "email": "", "is_staff": true, "is_active": true, "date_joined": "2021-10-31T19:58:25.327Z", "bio": null, "groups": [], "user_permissions": []}}, {"model": "slsblog_auth.user", "pk": 2, "fields": {"password": "pbkdf2_sha256$216000$kqnpyyR6JE8n$nVrPQx0/SlVKHx/otqoebpatPR+iJnKROEWautWFepk=", "last_login": "2021-12-05T21:07:08.892Z", "is_superuser": true, "username": "stevenlsjr", "first_name": "", "last_name": "", "email": "stevenlsjr@gmail.com", "is_staff": true, "is_active": true, "date_joined": "2021-12-05T21:07:02.542Z", "bio": null, "groups": [], "user_permissions": []}}, {"model": "slsblog_cms.bloglandingpage", "pk": 4, "fields": {"intro": "<p data-block-key=\"ltq6o\">THis is the intro!!!</p>"}}, {"model": "slsblog_cms.blogpage", "pk": 3, "fields": {"intro": "intro", "body": "[{\"type\": \"rich_text\", \"value\": \"<p>Hello!!!</p>\", \"id\": \"12603435-c9e7-4f37-b1a1-7905e8080606\"}, {\"type\": \"image\", \"value\": 1, \"id\": \"07f6789a-e878-4b1d-a83b-fceec203431f\"}]"}}, {"model": "slsblog_cms.blogpage", "pk": 5, "fields": {"intro": "Wife put activity person time alone employee.", "body": "\n<p>No as pass remain find majority few. Trade really however base movie probably.</p>\n\n<p>Almost attorney from. She who left car type.</p>\n\n<h2>She break deal front.</h2>\n\n<p>Fall man rate wife every skin. Technology a impact several address condition like. Specific answer that bank.</p>\n\n<p>Full particular identify goal statement set care. Including husband teach able hold.</p>\n\n<p>Bed war page simply those race. Commercial why rise offer seven strong. Growth training light subject join name third.</p>\n\n<h2>Conference indeed kitchen establish.</h2>\n\n<p>Toward report course factor job could. Note only else there rate.</p>\n\n<h2>Professor system attention.</h2>\n"}}, {"model": "slsblog_cms.blogpage", "pk": 6, "fields": {"intro": "Husband Mrs oil learn less example hear.", "body": "\n<h2>First blood later watch should.</h2>\n\n<p>Have use page. Value central nation might per. Series west nice us boy.</p>\n\n<p>Score market oil though. Treatment any long something feel herself major. Partner citizen yard media management me unit.</p>\n\n<p>East many candidate worry water anyone price. Office us significant because. Wide hour strong administration you glass.</p>\n\n<p>Author focus owner candidate image chair. They can tell such adult. Skin often how simply.</p>\n\n<h2>Movie such three positive crime process.</h2>\n\n<p>The article million speech support. Suddenly race report safe she medical area.</p>\n\n<p>Laugh fly other relationship into body maybe. Body today ground simply song forward away. Family between cover there.</p>\n\n<h2>Maybe they issue pay.</h2>\n"}}, {"model": "slsblog_cms.blogpage", "pk": 7, "fields": {"intro": "Two often just difference buy.", "body": "\n<p>Issue place bill son serious he pull. Cultural put song serve least sound.</p>\n\n<p>Available exist sense look dinner find wish pressure. Meeting Congress picture score claim number somebody.</p>\n\n<h2>South act network fear.</h2>\n\n<p>Fly point ask yet control. Political might participant husband.</p>\n\n<p>Deal report when toward fall side film tonight. Somebody clear behavior. Yeah thought so section number sound.</p>\n\n<h2>Red use cut range.</h2>\n\n<h2>Often here activity prepare require treatment.</h2>\n\n<p>Spend store guess film. Tv always Congress. Appear head vote.</p>\n\n<p>Involve bring scientist teacher reveal. Practice party hair chance.</p>\n"}}, {"model": "wagtail_headless_preview.pagepreview", "pk": 47, "fields": {"token": "id=3:1nDtIY:6GTBm-Brf9VFrAnQhs64iWpzvoCivcEDzf_C2N0Vt7g", "content_type": 38, "content_json": "{\"pk\": 3, \"path\": \"000100020001\", \"depth\": 3, \"numchild\": 0, \"translation_key\": \"bbdb4d0f-f109-4ae4-946b-080f1da20b65\", \"locale\": 1, \"title\": \"My Page\", \"draft_title\": \"My Page\", \"slug\": \"my-page\", \"content_type\": 38, \"live\": true, \"has_unpublished_changes\": true, \"url_path\": \"/my-blog/my-page/\", \"owner\": 1, \"seo_title\": \"\", \"show_in_menus\": false, \"search_description\": \"\", \"go_live_at\": null, \"expire_at\": null, \"expired\": false, \"locked\": false, \"locked_at\": null, \"locked_by\": null, \"first_published_at\": \"2021-10-31T20:04:33.254Z\", \"last_published_at\": \"2021-10-31T20:04:33.254Z\", \"latest_revision_created_at\": \"2022-01-15T22:13:57.975Z\", \"live_revision\": 3, \"alias_of\": null, \"intro\": \"intro\", \"body\": \"[{\\\"type\\\": \\\"rich_text\\\", \\\"value\\\": \\\"<p data-block-key=\\\\\\\"9fcjj\\\\\\\">Hello!!!</p>\\\", \\\"id\\\": \\\"12603435-c9e7-4f37-b1a1-7905e8080606\\\"}, {\\\"type\\\": \\\"image\\\", \\\"value\\\": 1, \\\"id\\\": \\\"07f6789a-e878-4b1d-a83b-fceec203431f\\\"}]\", \"wagtail_admin_comments\": []}", "created_at": "2022-01-29"}}, {"model": "wagtail_headless_preview.pagepreview", "pk": 48, "fields": {"token": "id=3:1nDtIZ:0BCIsNAUCdgnQG2E62TI0Z32l15qRkkF_LacYS-7pyw", "content_type": 38, "content_json": "{\"pk\": 3, \"path\": \"000100020001\", \"depth\": 3, \"numchild\": 0, \"translation_key\": \"bbdb4d0f-f109-4ae4-946b-080f1da20b65\", \"locale\": 1, \"title\": \"My Page\", \"draft_title\": \"My Page\", \"slug\": \"my-page\", \"content_type\": 38, \"live\": true, \"has_unpublished_changes\": true, \"url_path\": \"/my-blog/my-page/\", \"owner\": 1, \"seo_title\": \"\", \"show_in_menus\": false, \"search_description\": \"\", \"go_live_at\": null, \"expire_at\": null, \"expired\": false, \"locked\": false, \"locked_at\": null, \"locked_by\": null, \"first_published_at\": \"2021-10-31T20:04:33.254Z\", \"last_published_at\": \"2021-10-31T20:04:33.254Z\", \"latest_revision_created_at\": \"2022-01-15T22:13:57.975Z\", \"live_revision\": 3, \"alias_of\": null, \"intro\": \"intro\", \"body\": \"[{\\\"type\\\": \\\"rich_text\\\", \\\"value\\\": \\\"<p data-block-key=\\\\\\\"9fcjj\\\\\\\">Hello!!!</p>\\\", \\\"id\\\": \\\"12603435-c9e7-4f37-b1a1-7905e8080606\\\"}, {\\\"type\\\": \\\"image\\\", \\\"value\\\": 1, \\\"id\\\": \\\"07f6789a-e878-4b1d-a83b-fceec203431f\\\"}]\", \"wagtail_admin_comments\": []}", "created_at": "2022-01-29"}}, {"model": "wagtail_headless_preview.pagepreview", "pk": 49, "fields": {"token": "id=3:1nDtIf:ckNlIjveieXvejMI2IVFcQUZuSDRArlxVNGmWMQ6BYE", "content_type": 38, "content_json": "{\"pk\": 3, \"path\": \"000100020001\", \"depth\": 3, \"numchild\": 0, \"translation_key\": \"bbdb4d0f-f109-4ae4-946b-080f1da20b65\", \"locale\": 1, \"title\": \"My Page\", \"draft_title\": \"My Page\", \"slug\": \"my-page\", \"content_type\": 38, \"live\": true, \"has_unpublished_changes\": true, \"url_path\": \"/my-blog/my-page/\", \"owner\": 1, \"seo_title\": \"\", \"show_in_menus\": false, \"search_description\": \"\", \"go_live_at\": null, \"expire_at\": null, \"expired\": false, \"locked\": false, \"locked_at\": null, \"locked_by\": null, \"first_published_at\": \"2021-10-31T20:04:33.254Z\", \"last_published_at\": \"2021-10-31T20:04:33.254Z\", \"latest_revision_created_at\": \"2022-01-15T22:13:57.975Z\", \"live_revision\": 3, \"alias_of\": null, \"intro\": \"intro\", \"body\": \"[{\\\"type\\\": \\\"rich_text\\\", \\\"value\\\": \\\"<p data-block-key=\\\\\\\"9fcjj\\\\\\\">Hello!!!</p>\\\", \\\"id\\\": \\\"12603435-c9e7-4f37-b1a1-7905e8080606\\\"}, {\\\"type\\\": \\\"image\\\", \\\"value\\\": 1, \\\"id\\\": \\\"07f6789a-e878-4b1d-a83b-fceec203431f\\\"}]\", \"wagtail_admin_comments\": []}", "created_at": "2022-01-29"}}]